date_of_record,month,season,station_name,state,district,avg_temp,min_temp,max_temp,wind_speed,air_pressure,elevation,latitude,longitude,rainfall
2021-01-02,January,Winter,Gulmarg,JK,Baramulla,-2.2,-6.6,-0.8,2.2,1020.0,2652,34.05,74.4,0.1
2021-01-03,January,Winter,Gulmarg,JK,Baramulla,-3.6,-4.6,-1.8,3.7,1019.5,2652,34.05,74.4,4.4
2021-01-04,January,Winter,Gulmarg,JK,Baramulla,-3.0,-4.5,-1.1,2.1,1022.0,2652,34.05,74.4,2.3
2021-01-05,January,Winter,Gulmarg,JK,Baramulla,-3.3,-5.1,-1.2,2.8,1015.6,2652,34.05,74.4,35.0
2021-01-06,January,Winter,Gulmarg,JK,Baramulla,-3.9,-8.3,-1.0,3.4,1015.3,2652,34.05,74.4,25.5
2021-01-07,January,Winter,Gulmarg,JK,Baramulla,-7.5,-10.8,-1.6,5.0,1015.1,2652,34.05,74.4,0.0
2021-01-08,January,Winter,Gulmarg,JK,Baramulla,-9.2,-13.0,-3.0,5.7,1012.9,2652,34.05,74.4,0.0
2021-01-09,January,Winter,Gulmarg,JK,Baramulla,-9.3,-13.1,-4.0,4.1,1015.3,2652,34.05,74.4,0.0
2021-01-10,January,Winter,Gulmarg,JK,Baramulla,-6.8,-12.9,-0.2,3.6,1015.8,2652,34.05,74.4,0.0
2021-01-11,January,Winter,Gulmarg,JK,Baramulla,-4.4,-9.6,-0.8,3.4,1017.0,2652,34.05,74.4,0.0
2021-01-12,January,Winter,Gulmarg,JK,Baramulla,-1.8,-9.2,0.5,2.8,1018.6,2652,34.05,74.4,0.0
2021-01-13,January,Winter,Gulmarg,JK,Baramulla,1.2,-7.6,3.6,2.4,1017.7,2652,34.05,74.4,0.0
2021-01-14,January,Winter,Gulmarg,JK,Baramulla,2.8,-6.0,4.1,2.1,1017.7,2652,34.05,74.4,0.0
2021-01-15,January,Winter,Gulmarg,JK,Baramulla,2.4,-4.6,4.5,2.6,1014.9,2652,34.05,74.4,0.0
2021-01-16,January,Winter,Gulmarg,JK,Baramulla,1.9,-4.0,3.8,1.8,1016.2,2652,34.05,74.4,0.0
2021-01-17,January,Winter,Gulmarg,JK,Baramulla,1.7,-3.0,4.0,3.0,1015.0,2652,34.05,74.4,0.0
2021-01-18,January,Winter,Gulmarg,JK,Baramulla,-2.0,-6.8,2.0,3.2,1018.3,2652,34.05,74.4,0.0
2021-01-19,January,Winter,Gulmarg,JK,Baramulla,-3.4,-5.2,-0.2,4.0,1017.5,2652,34.05,74.4,0.0
2021-01-20,January,Winter,Gulmarg,JK,Baramulla,-2.4,-4.4,-0.4,3.4,1018.5,2652,34.05,74.4,0.0
2021-01-21,January,Winter,Gulmarg,JK,Baramulla,-0.4,-2.6,2.0,4.7,1018.3,2652,34.05,74.4,0.0
2021-01-22,January,Winter,Gulmarg,JK,Baramulla,-4.0,-7.3,-0.2,7.1,1011.6,2652,34.05,74.4,0.5
2021-01-23,January,Winter,Gulmarg,JK,Baramulla,-5.5,-8.8,-2.8,4.5,1011.4,2652,34.05,74.4,26.0
2021-01-24,January,Winter,Gulmarg,JK,Baramulla,-5.4,-9.6,-2.8,2.7,1015.8,2652,34.05,74.4,0.0
2021-01-25,January,Winter,Gulmarg,JK,Baramulla,-5.2,-9.6,-2.3,2.4,1018.2,2652,34.05,74.4,0.0
2021-01-26,January,Winter,Gulmarg,JK,Baramulla,-5.4,-8.0,-1.0,2.5,1016.7,2652,34.05,74.4,0.0
2021-01-27,January,Winter,Gulmarg,JK,Baramulla,-5.2,-7.0,-1.0,2.3,1016.8,2652,34.05,74.4,0.0
2021-01-28,January,Winter,Gulmarg,JK,Baramulla,-5.5,-11.4,-3.0,2.3,1017.3,2652,34.05,74.4,0.0
2021-01-29,January,Winter,Gulmarg,JK,Baramulla,-6.4,-9.6,-4.0,2.3,1019.0,2652,34.05,74.4,0.0
2021-01-30,January,Winter,Gulmarg,JK,Baramulla,-4.1,-7.6,-1.8,2.5,1017.0,2652,34.05,74.4,0.0
2021-01-31,January,Winter,Gulmarg,JK,Baramulla,-2.2,-6.6,0.0,2.8,1016.3,2652,34.05,74.4,1.5
2021-02-01,February,Winter,Gulmarg,JK,Baramulla,-4.2,-7.6,-0.2,2.6,1025.8,2652,34.05,74.4,2.5
2021-02-02,February,Winter,Gulmarg,JK,Baramulla,-3.1,-5.2,1.0,2.5,1020.9,2652,34.05,74.4,0.5
2021-02-03,February,Winter,Gulmarg,JK,Baramulla,-5.4,-7.9,-2.4,2.5,1021.8,2652,34.05,74.4,3.2
2021-02-04,February,Winter,Gulmarg,JK,Baramulla,-5.2,-6.8,-2.2,2.6,1020.1,2652,34.05,74.4,1.0
2021-02-05,February,Winter,Gulmarg,JK,Baramulla,-4.5,-6.0,-3.1,2.5,1017.7,2652,34.05,74.4,0.0
2021-02-06,February,Winter,Gulmarg,JK,Baramulla,-1.8,-9.0,1.2,2.9,1019.2,2652,34.05,74.4,0.0
2021-02-07,February,Winter,Gulmarg,JK,Baramulla,2.2,-3.0,4.3,2.3,1022.2,2652,34.05,74.4,0.0
2021-02-08,February,Winter,Gulmarg,JK,Baramulla,3.7,-1.0,6.0,3.6,1024.8,2652,34.05,74.4,0.0
2021-02-09,February,Winter,Gulmarg,JK,Baramulla,1.0,-1.2,3.8,3.8,1019.8,2652,34.05,74.4,0.1
2021-02-10,February,Winter,Gulmarg,JK,Baramulla,0.2,-1.8,2.4,2.4,1019.5,2652,34.05,74.4,0.0
2021-02-11,February,Winter,Gulmarg,JK,Baramulla,0.7,-1.2,3.1,3.4,1019.6,2652,34.05,74.4,0.0
2021-02-12,February,Winter,Gulmarg,JK,Baramulla,0.9,-1.0,3.4,2.3,1020.8,2652,34.05,74.4,0.0
2021-02-13,February,Winter,Gulmarg,JK,Baramulla,1.6,0.0,4.0,2.7,1019.2,2652,34.05,74.4,0.0
2021-02-14,February,Winter,Gulmarg,JK,Baramulla,0.8,-1.0,5.2,2.2,1019.6,2652,34.05,74.4,0.0
2021-02-15,February,Winter,Gulmarg,JK,Baramulla,-0.2,-1.9,3.8,1.8,1017.2,2652,34.05,74.4,0.0
2021-02-16,February,Winter,Gulmarg,JK,Baramulla,-0.9,-2.6,4.6,1.9,1017.6,2652,34.05,74.4,0.0
2021-02-17,February,Winter,Gulmarg,JK,Baramulla,-0.6,-2.2,4.8,2.0,1019.6,2652,34.05,74.4,0.0
2021-02-18,February,Winter,Gulmarg,JK,Baramulla,-0.4,-2.4,1.8,2.4,1022.9,2652,34.05,74.4,0.0
2021-02-19,February,Winter,Gulmarg,JK,Baramulla,1.7,-1.6,3.6,2.3,1025.2,2652,34.05,74.4,0.0
2021-02-20,February,Winter,Gulmarg,JK,Baramulla,3.1,1.2,5.1,3.3,1024.3,2652,34.05,74.4,0.0
2021-02-21,February,Winter,Gulmarg,JK,Baramulla,2.6,0.7,5.3,2.8,1023.9,2652,34.05,74.4,0.0
2021-02-22,February,Winter,Gulmarg,JK,Baramulla,1.7,-0.4,4.4,4.8,1023.3,2652,34.05,74.4,1.5
2021-02-23,February,Winter,Gulmarg,JK,Baramulla,0.7,-2.5,4.0,4.6,1019.0,2652,34.05,74.4,7.8
2021-02-24,February,Winter,Gulmarg,JK,Baramulla,-0.5,-4.5,6.0,4.4,1018.6,2652,34.05,74.4,0.4
2021-02-25,February,Winter,Gulmarg,JK,Baramulla,0.5,-1.5,3.6,4.3,1017.6,2652,34.05,74.4,8.7
2021-02-26,February,Winter,Gulmarg,JK,Baramulla,1.0,-0.2,2.4,5.1,1010.0,2652,34.05,74.4,35.6
2021-02-27,February,Winter,Gulmarg,JK,Baramulla,-0.9,-5.9,0.9,4.3,1007.0,2652,34.05,74.4,15.6
2021-02-28,February,Winter,Gulmarg,JK,Baramulla,-2.9,-7.1,1.0,3.2,1013.1,2652,34.05,74.4,0.2
2021-03-01,March,Winter,Gulmarg,JK,Baramulla,-2.3,-5.8,1.4,3.2,1018.7,2652,34.05,74.4,0.0
2021-03-02,March,Winter,Gulmarg,JK,Baramulla,0.3,-3.0,4.3,3.1,1020.5,2652,34.05,74.4,0.0
2021-03-03,March,Winter,Gulmarg,JK,Baramulla,-0.1,-4.3,5.4,3.4,1017.0,2652,34.05,74.4,0.0
2021-03-04,March,Winter,Gulmarg,JK,Baramulla,-0.3,-2.5,5.0,3.3,1020.1,2652,34.05,74.4,0.3
2021-03-05,March,Winter,Gulmarg,JK,Baramulla,0.2,-2.7,6.4,3.6,1018.9,2652,34.05,74.4,0.0
2021-03-06,March,Winter,Gulmarg,JK,Baramulla,1.0,-2.4,5.0,2.7,1017.0,2652,34.05,74.4,1.3
2021-03-07,March,Winter,Gulmarg,JK,Baramulla,-0.1,-2.9,4.6,5.1,1015.6,2652,34.05,74.4,20.2
2021-03-08,March,Winter,Gulmarg,JK,Baramulla,0.0,-1.8,1.7,3.0,1020.6,2652,34.05,74.4,6.6
2021-03-09,March,Winter,Gulmarg,JK,Baramulla,0.0,-2.5,2.8,2.5,1023.9,2652,34.05,74.4,0.0
2021-03-10,March,Winter,Gulmarg,JK,Baramulla,0.3,-1.5,2.0,3.0,1021.7,2652,34.05,74.4,1.3
2021-03-11,March,Winter,Gulmarg,JK,Baramulla,0.0,-1.1,1.0,3.7,1021.9,2652,34.05,74.4,19.4
2021-03-12,March,Winter,Gulmarg,JK,Baramulla,0.2,-1.0,1.5,3.7,1024.4,2652,34.05,74.4,21.6
2021-03-13,March,Winter,Gulmarg,JK,Baramulla,1.8,-1.0,4.1,1.7,1028.4,2652,34.05,74.4,0.0
2021-03-14,March,Winter,Gulmarg,JK,Baramulla,1.3,-1.0,2.4,3.2,1020.2,2652,34.05,74.4,7.2
2021-03-15,March,Winter,Gulmarg,JK,Baramulla,1.7,-1.0,4.4,2.1,1021.1,2652,34.05,74.4,0.0
2021-03-16,March,Winter,Gulmarg,JK,Baramulla,1.7,-0.1,5.6,2.7,1021.2,2652,34.05,74.4,0.4
2021-03-17,March,Winter,Gulmarg,JK,Baramulla,1.2,-2.1,4.2,2.7,1021.1,2652,34.05,74.4,0.1
2021-03-18,March,Winter,Gulmarg,JK,Baramulla,1.7,-0.3,4.2,2.8,1022.2,2652,34.05,74.4,0.0
2021-03-19,March,Winter,Gulmarg,JK,Baramulla,2.6,0.5,7.8,2.5,1023.1,2652,34.05,74.4,0.1
2021-03-20,March,Winter,Gulmarg,JK,Baramulla,3.5,1.4,9.0,2.6,1019.9,2652,34.05,74.4,0.0
2021-03-21,March,Winter,Gulmarg,JK,Baramulla,1.9,0.5,4.6,2.9,1016.2,2652,34.05,74.4,17.4
2021-03-22,March,Winter,Gulmarg,JK,Baramulla,1.2,-0.3,2.1,2.5,1018.9,2652,34.05,74.4,26.5
2021-03-23,March,Winter,Gulmarg,JK,Baramulla,0.4,-1.8,1.7,3.3,1018.5,2652,34.05,74.4,37.6
2021-03-24,March,Winter,Gulmarg,JK,Baramulla,-0.3,-1.0,0.8,2.1,1022.4,2652,34.05,74.4,15.4
2021-03-25,March,Winter,Gulmarg,JK,Baramulla,1.4,-1.6,4.1,3.5,1024.9,2652,34.05,74.4,0.0
2021-03-26,March,Winter,Gulmarg,JK,Baramulla,5.3,0.6,8.0,2.5,1023.3,2652,34.05,74.4,0.0
2021-03-27,March,Winter,Gulmarg,JK,Baramulla,6.9,5.0,10.2,2.6,1022.2,2652,34.05,74.4,0.0
2021-03-28,March,Winter,Gulmarg,JK,Baramulla,5.4,3.6,7.1,4.0,1017.5,2652,34.05,74.4,8.2
2021-03-29,March,Winter,Gulmarg,JK,Baramulla,4.5,2.4,6.2,4.8,1009.6,2652,34.05,74.4,16.2
2021-03-30,March,Winter,Gulmarg,JK,Baramulla,2.5,-3.2,4.6,4.5,1006.4,2652,34.05,74.4,0.5
2021-03-31,March,Winter,Gulmarg,JK,Baramulla,2.8,-2.3,6.1,2.8,1005.3,2652,34.05,74.4,0.0
2021-04-01,April,Summer,Gulmarg,JK,Baramulla,3.6,1.4,6.3,2.6,1007.7,2652,34.05,74.4,0.0
2021-04-02,April,Summer,Gulmarg,JK,Baramulla,1.5,-1.1,6.2,3.4,1005.9,2652,34.05,74.4,0.0
2021-04-03,April,Summer,Gulmarg,JK,Baramulla,1.8,-1.7,7.6,4.1,1017.5,2652,34.05,74.4,0.0
2021-04-04,April,Summer,Gulmarg,JK,Baramulla,3.4,1.5,6.7,2.4,1022.6,2652,34.05,74.4,9.8
2021-04-05,April,Summer,Gulmarg,JK,Baramulla,3.3,1.0,5.4,2.7,1021.9,2652,34.05,74.4,6.0
2021-04-06,April,Summer,Gulmarg,JK,Baramulla,2.8,0.6,4.1,2.8,1017.7,2652,34.05,74.4,24.5
2021-04-07,April,Summer,Gulmarg,JK,Baramulla,1.6,-1.2,4.2,2.9,1018.9,2652,34.05,74.4,9.1
2021-04-08,April,Summer,Gulmarg,JK,Baramulla,1.8,-0.5,6.6,1.7,1017.2,2652,34.05,74.4,1.2
2021-04-09,April,Summer,Gulmarg,JK,Baramulla,2.0,-1.0,7.8,2.8,1022.0,2652,34.05,74.4,0.3
2021-04-10,April,Summer,Gulmarg,JK,Baramulla,3.4,0.8,7.0,2.5,1025.7,2652,34.05,74.4,1.4
2021-04-11,April,Summer,Gulmarg,JK,Baramulla,2.9,1.4,4.9,2.0,1027.1,2652,34.05,74.4,8.3
2021-04-12,April,Summer,Gulmarg,JK,Baramulla,4.0,1.8,6.6,2.8,1028.9,2652,34.05,74.4,3.1
2021-04-13,April,Summer,Gulmarg,JK,Baramulla,5.2,3.0,8.6,2.0,1027.0,2652,34.05,74.4,0.5
2021-04-14,April,Summer,Gulmarg,JK,Baramulla,5.4,3.4,8.0,2.2,1025.2,2652,34.05,74.4,0.4
2021-04-15,April,Summer,Gulmarg,JK,Baramulla,3.2,1.9,4.6,3.1,1022.7,2652,34.05,74.4,18.2
2021-04-16,April,Summer,Gulmarg,JK,Baramulla,3.1,0.4,4.3,2.9,1019.8,2652,34.05,74.4,22.4
2021-04-17,April,Summer,Gulmarg,JK,Baramulla,2.6,1.2,3.9,3.5,1016.8,2652,34.05,74.4,24.7
2021-04-18,April,Summer,Gulmarg,JK,Baramulla,2.7,1.0,4.5,2.7,1020.7,2652,34.05,74.4,2.5
2021-04-19,April,Summer,Gulmarg,JK,Baramulla,3.1,-0.4,6.4,4.2,1019.1,2652,34.05,74.4,0.3
2021-04-20,April,Summer,Gulmarg,JK,Baramulla,4.4,2.7,7.1,2.7,1015.8,2652,34.05,74.4,1.8
2021-04-21,April,Summer,Gulmarg,JK,Baramulla,3.2,0.1,6.4,3.0,1013.9,2652,34.05,74.4,1.0
2021-04-22,April,Summer,Gulmarg,JK,Baramulla,1.5,-0.3,2.9,2.8,1014.7,2652,34.05,74.4,12.6
2021-04-23,April,Summer,Gulmarg,JK,Baramulla,1.7,-1.2,4.2,3.9,1016.9,2652,34.05,74.4,1.1
2021-04-24,April,Summer,Gulmarg,JK,Baramulla,5.5,2.6,9.6,4.1,1023.7,2652,34.05,74.4,0.0
2021-04-25,April,Summer,Gulmarg,JK,Baramulla,7.4,5.1,9.6,2.9,1023.2,2652,34.05,74.4,0.0
2021-04-26,April,Summer,Gulmarg,JK,Baramulla,8.3,5.5,14.4,2.8,1022.0,2652,34.05,74.4,0.0
2021-04-27,April,Summer,Gulmarg,JK,Baramulla,9.0,6.9,15.4,3.2,1023.2,2652,34.05,74.4,0.0
2021-04-28,April,Summer,Gulmarg,JK,Baramulla,9.3,7.0,14.6,3.0,1021.6,2652,34.05,74.4,0.1
2021-04-29,April,Summer,Gulmarg,JK,Baramulla,8.8,6.4,12.4,2.8,1023.4,2652,34.05,74.4,0.8
2021-04-30,April,Summer,Gulmarg,JK,Baramulla,8.7,6.4,11.8,2.7,1022.2,2652,34.05,74.4,1.4
2021-05-01,May,Summer,Gulmarg,JK,Baramulla,8.6,6.3,11.8,2.7,1021.6,2652,34.05,74.4,1.8
2021-05-02,May,Summer,Gulmarg,JK,Baramulla,9.4,7.0,14.0,3.2,1023.6,2652,34.05,74.4,0.9
2021-05-03,May,Summer,Gulmarg,JK,Baramulla,9.9,6.4,14.0,2.9,1020.0,2652,34.05,74.4,0.0
2021-05-04,May,Summer,Gulmarg,JK,Baramulla,8.8,5.6,13.2,3.3,1017.3,2652,34.05,74.4,7.2
2021-05-05,May,Summer,Gulmarg,JK,Baramulla,6.8,2.8,9.6,2.5,1020.0,2652,34.05,74.4,5.0
2021-05-06,May,Summer,Gulmarg,JK,Baramulla,7.6,3.1,11.4,2.7,1020.7,2652,34.05,74.4,0.9
2021-05-07,May,Summer,Gulmarg,JK,Baramulla,6.8,2.5,10.6,2.7,1021.9,2652,34.05,74.4,3.4
2021-05-08,May,Summer,Gulmarg,JK,Baramulla,7.4,2.6,12.2,2.9,1021.1,2652,34.05,74.4,1.2
2021-05-09,May,Summer,Gulmarg,JK,Baramulla,8.7,2.7,13.0,2.9,1019.3,2652,34.05,74.4,1.1
2021-05-10,May,Summer,Gulmarg,JK,Baramulla,9.4,5.6,13.0,3.3,1018.1,2652,34.05,74.4,1.8
2021-05-11,May,Summer,Gulmarg,JK,Baramulla,7.7,4.1,11.4,2.5,1015.8,2652,34.05,74.4,7.6
2021-05-12,May,Summer,Gulmarg,JK,Baramulla,7.2,4.1,9.4,2.6,1012.0,2652,34.05,74.4,3.5
2021-05-13,May,Summer,Gulmarg,JK,Baramulla,6.3,3.8,9.0,2.7,1012.3,2652,34.05,74.4,3.1
2021-05-14,May,Summer,Gulmarg,JK,Baramulla,6.9,3.8,11.6,2.4,1013.1,2652,34.05,74.4,2.5
2021-05-15,May,Summer,Gulmarg,JK,Baramulla,6.8,4.3,10.1,2.0,1016.7,2652,34.05,74.4,1.5
2021-05-16,May,Summer,Gulmarg,JK,Baramulla,7.5,4.4,10.2,2.0,1021.6,2652,34.05,74.4,2.4
2021-05-17,May,Summer,Gulmarg,JK,Baramulla,8.5,5.5,12.4,3.0,1024.3,2652,34.05,74.4,1.8
2021-05-18,May,Summer,Gulmarg,JK,Baramulla,9.8,6.2,14.5,2.3,1021.3,2652,34.05,74.4,0.2
2021-05-19,May,Summer,Gulmarg,JK,Baramulla,9.4,5.1,13.4,2.2,1016.8,2652,34.05,74.4,4.2
2021-05-20,May,Summer,Gulmarg,JK,Baramulla,9.2,5.2,13.8,3.2,1011.8,2652,34.05,74.4,1.4
2021-05-21,May,Summer,Gulmarg,JK,Baramulla,7.3,4.0,10.8,3.3,1017.0,2652,34.05,74.4,10.3
2021-05-22,May,Summer,Gulmarg,JK,Baramulla,7.8,5.2,11.8,2.6,1018.3,2652,34.05,74.4,3.9
2021-05-23,May,Summer,Gulmarg,JK,Baramulla,7.0,3.6,10.0,2.3,1018.3,2652,34.05,74.4,4.9
2021-05-24,May,Summer,Gulmarg,JK,Baramulla,7.7,3.8,12.4,2.9,1019.2,2652,34.05,74.4,0.8
2021-05-25,May,Summer,Gulmarg,JK,Baramulla,8.9,5.0,12.6,2.8,1016.6,2652,34.05,74.4,0.7
2021-05-26,May,Summer,Gulmarg,JK,Baramulla,11.1,7.1,15.4,3.9,1013.8,2652,34.05,74.4,1.9
2021-05-27,May,Summer,Gulmarg,JK,Baramulla,13.3,9.7,17.4,3.2,1016.8,2652,34.05,74.4,1.6
2021-05-28,May,Summer,Gulmarg,JK,Baramulla,14.6,10.8,19.6,3.0,1017.8,2652,34.05,74.4,0.1
2021-05-29,May,Summer,Gulmarg,JK,Baramulla,14.2,11.0,17.9,2.9,1020.7,2652,34.05,74.4,3.1
2021-05-30,May,Summer,Gulmarg,JK,Baramulla,13.8,10.8,20.0,3.7,1018.5,2652,34.05,74.4,1.7
2021-05-31,May,Summer,Gulmarg,JK,Baramulla,12.1,8.0,15.3,3.4,1013.2,2652,34.05,74.4,3.1
2021-06-01,June,Summer,Gulmarg,JK,Baramulla,10.3,6.7,13.6,3.7,1014.0,2652,34.05,74.4,10.1
2021-06-02,June,Summer,Gulmarg,JK,Baramulla,11.5,8.0,14.5,4.1,1014.7,2652,34.05,74.4,5.9
2021-06-03,June,Summer,Gulmarg,JK,Baramulla,12.0,8.8,14.9,3.3,1018.3,2652,34.05,74.4,8.7
2021-06-04,June,Summer,Gulmarg,JK,Baramulla,12.9,9.4,16.4,3.4,1018.2,2652,34.05,74.4,1.3
2021-06-05,June,Summer,Gulmarg,JK,Baramulla,14.3,10.5,17.8,4.7,1018.4,2652,34.05,74.4,0.0
2021-06-06,June,Summer,Gulmarg,JK,Baramulla,15.6,12.1,19.5,4.3,1017.8,2652,34.05,74.4,0.0
2021-06-07,June,Summer,Gulmarg,JK,Baramulla,17.0,12.4,21.0,3.8,1017.5,2652,34.05,74.4,1.4
2021-06-08,June,Summer,Gulmarg,JK,Baramulla,18.9,16.1,23.4,3.1,1015.0,2652,34.05,74.4,0.0
2021-06-09,June,Summer,Gulmarg,JK,Baramulla,18.5,13.2,23.8,2.9,1012.6,2652,34.05,74.4,0.2
2021-06-10,June,Summer,Gulmarg,JK,Baramulla,18.3,13.2,23.6,4.1,1011.8,2652,34.05,74.4,0.0
2021-06-11,June,Summer,Gulmarg,JK,Baramulla,17.0,11.9,21.5,4.0,1010.2,2652,34.05,74.4,0.3
2021-06-12,June,Summer,Gulmarg,JK,Baramulla,15.7,11.9,19.8,3.2,1010.2,2652,34.05,74.4,1.5
2021-06-13,June,Summer,Gulmarg,JK,Baramulla,13.6,10.0,16.9,2.6,1010.0,2652,34.05,74.4,5.0
2021-06-14,June,Summer,Gulmarg,JK,Baramulla,12.1,8.3,15.6,2.9,1007.6,2652,34.05,74.4,3.6
2021-06-15,June,Summer,Gulmarg,JK,Baramulla,11.3,8.2,14.7,3.1,1002.9,2652,34.05,74.4,10.4
2021-06-16,June,Summer,Gulmarg,JK,Baramulla,11.1,7.6,15.0,2.6,1005.2,2652,34.05,74.4,3.0
2021-06-17,June,Summer,Gulmarg,JK,Baramulla,10.5,5.9,14.5,2.3,1010.5,2652,34.05,74.4,3.6
2021-06-18,June,Summer,Gulmarg,JK,Baramulla,11.6,7.7,15.6,2.8,1012.7,2652,34.05,74.4,1.5
2021-06-19,June,Summer,Gulmarg,JK,Baramulla,12.9,8.2,16.9,3.0,1012.5,2652,34.05,74.4,2.7
2021-06-20,June,Summer,Gulmarg,JK,Baramulla,12.5,8.6,16.5,3.0,1012.0,2652,34.05,74.4,5.9
2021-06-21,June,Summer,Gulmarg,JK,Baramulla,11.7,7.4,16.4,2.7,1016.8,2652,34.05,74.4,2.7
2021-06-22,June,Summer,Gulmarg,JK,Baramulla,12.0,7.7,16.2,2.7,1014.7,2652,34.05,74.4,6.0
2021-06-23,June,Summer,Gulmarg,JK,Baramulla,14.0,10.4,18.8,3.0,1018.2,2652,34.05,74.4,1.4
2021-06-24,June,Summer,Gulmarg,JK,Baramulla,13.1,9.1,16.6,3.5,1017.2,2652,34.05,74.4,4.1
2021-06-25,June,Summer,Gulmarg,JK,Baramulla,12.6,7.6,15.8,2.5,1012.9,2652,34.05,74.4,4.6
2021-06-26,June,Summer,Gulmarg,JK,Baramulla,12.2,7.8,16.4,2.8,1015.6,2652,34.05,74.4,5.1
2021-06-27,June,Summer,Gulmarg,JK,Baramulla,13.7,9.6,18.2,1.9,1018.6,2652,34.05,74.4,0.3
2021-06-28,June,Summer,Gulmarg,JK,Baramulla,15.1,10.7,19.0,2.7,1017.4,2652,34.05,74.4,0.2
2021-06-29,June,Summer,Gulmarg,JK,Baramulla,16.5,11.7,21.0,2.9,1017.1,2652,34.05,74.4,0.7
2021-06-30,June,Summer,Gulmarg,JK,Baramulla,16.1,1.9,22.4,2.6,1013.2,2652,34.05,74.4,0.2
2021-07-01,July,Monsoon,Gulmarg,JK,Baramulla,15.5,11.4,19.8,3.3,1008.9,2652,34.05,74.4,2.9
2021-07-02,July,Monsoon,Gulmarg,JK,Baramulla,14.2,10.5,18.0,2.6,1010.1,2652,34.05,74.4,9.4
2021-07-03,July,Monsoon,Gulmarg,JK,Baramulla,13.2,9.2,16.6,2.6,1013.5,2652,34.05,74.4,13.9
2021-07-04,July,Monsoon,Gulmarg,JK,Baramulla,13.8,10.0,18.0,2.7,1017.6,2652,34.05,74.4,8.2
2021-07-05,July,Monsoon,Gulmarg,JK,Baramulla,14.4,11.2,18.5,2.4,1018.5,2652,34.05,74.4,4.3
2021-07-06,July,Monsoon,Gulmarg,JK,Baramulla,14.9,10.9,19.0,2.2,1017.8,2652,34.05,74.4,6.4
2021-07-07,July,Monsoon,Gulmarg,JK,Baramulla,14.4,9.7,18.3,2.7,1014.2,2652,34.05,74.4,9.2
2021-07-08,July,Monsoon,Gulmarg,JK,Baramulla,16.9,13.0,20.6,3.3,1013.5,2652,34.05,74.4,0.9
2021-07-09,July,Monsoon,Gulmarg,JK,Baramulla,18.0,13.6,22.4,3.7,1014.5,2652,34.05,74.4,0.7
2021-07-10,July,Monsoon,Gulmarg,JK,Baramulla,17.7,13.9,21.2,3.4,1015.2,2652,34.05,74.4,3.9
2021-07-11,July,Monsoon,Gulmarg,JK,Baramulla,17.6,14.4,20.6,2.9,1013.7,2652,34.05,74.4,6.5
2021-07-12,July,Monsoon,Gulmarg,JK,Baramulla,15.6,12.2,17.9,2.7,1017.6,2652,34.05,74.4,27.5
2021-07-13,July,Monsoon,Gulmarg,JK,Baramulla,14.8,12.2,18.0,1.6,1016.7,2652,34.05,74.4,1.3
2021-07-14,July,Monsoon,Gulmarg,JK,Baramulla,14.1,11.7,16.6,2.3,1017.2,2652,34.05,74.4,4.7
2021-07-15,July,Monsoon,Gulmarg,JK,Baramulla,15.7,10.9,19.7,2.9,1017.9,2652,34.05,74.4,1.3
2021-07-16,July,Monsoon,Gulmarg,JK,Baramulla,17.3,13.6,21.2,3.5,1017.2,2652,34.05,74.4,1.2
2021-07-17,July,Monsoon,Gulmarg,JK,Baramulla,19.0,14.4,23.2,4.1,1016.3,2652,34.05,74.4,0.7
2021-07-18,July,Monsoon,Gulmarg,JK,Baramulla,19.7,14.9,23.6,3.8,1009.7,2652,34.05,74.4,1.1
2021-07-19,July,Monsoon,Gulmarg,JK,Baramulla,17.3,15.6,20.4,2.8,1006.3,2652,34.05,74.4,16.8
2021-07-20,July,Monsoon,Gulmarg,JK,Baramulla,14.8,13.0,17.6,2.0,1005.9,2652,34.05,74.4,40.3
2021-07-21,July,Monsoon,Gulmarg,JK,Baramulla,14.2,11.1,17.6,1.5,1005.4,2652,34.05,74.4,2.3
2021-07-22,July,Monsoon,Gulmarg,JK,Baramulla,14.1,9.8,18.5,2.4,1006.3,2652,34.05,74.4,0.8
2021-07-23,July,Monsoon,Gulmarg,JK,Baramulla,16.1,12.6,19.3,2.7,1011.2,2652,34.05,74.4,3.1
2021-07-24,July,Monsoon,Gulmarg,JK,Baramulla,18.0,15.4,21.2,2.8,1014.0,2652,34.05,74.4,5.7
2021-07-25,July,Monsoon,Gulmarg,JK,Baramulla,19.0,14.7,22.2,3.9,1013.1,2652,34.05,74.4,1.4
2021-07-26,July,Monsoon,Gulmarg,JK,Baramulla,19.7,16.5,22.8,3.3,1009.5,2652,34.05,74.4,1.2
2021-07-27,July,Monsoon,Gulmarg,JK,Baramulla,20.0,17.4,23.3,2.6,1004.0,2652,34.05,74.4,7.0
2021-07-28,July,Monsoon,Gulmarg,JK,Baramulla,17.4,15.6,19.7,1.9,1004.6,2652,34.05,74.4,41.3
2021-07-29,July,Monsoon,Gulmarg,JK,Baramulla,16.7,14.8,19.5,2.3,1007.0,2652,34.05,74.4,15.9
2021-07-30,July,Monsoon,Gulmarg,JK,Baramulla,16.2,14.5,18.4,2.0,1010.5,2652,34.05,74.4,22.8
2021-07-31,July,Monsoon,Gulmarg,JK,Baramulla,16.0,13.7,19.3,2.6,1012.8,2652,34.05,74.4,21.2
2021-08-01,August,Monsoon,Gulmarg,JK,Baramulla,15.9,13.8,19.0,1.8,1009.2,2652,34.05,74.4,7.5
2021-08-02,August,Monsoon,Gulmarg,JK,Baramulla,15.5,12.0,18.6,2.4,1010.5,2652,34.05,74.4,7.4
2021-08-03,August,Monsoon,Gulmarg,JK,Baramulla,15.9,12.0,19.2,2.5,1012.4,2652,34.05,74.4,3.9
2021-08-04,August,Monsoon,Gulmarg,JK,Baramulla,15.5,12.7,18.3,2.2,1013.1,2652,34.05,74.4,6.4
2021-08-05,August,Monsoon,Gulmarg,JK,Baramulla,15.5,12.2,18.6,2.3,1011.9,2652,34.05,74.4,2.2
2021-08-06,August,Monsoon,Gulmarg,JK,Baramulla,15.2,11.4,18.7,2.2,1012.4,2652,34.05,74.4,1.5
2021-08-07,August,Monsoon,Gulmarg,JK,Baramulla,15.4,11.8,19.5,2.4,1014.1,2652,34.05,74.4,0.3
2021-08-08,August,Monsoon,Gulmarg,JK,Baramulla,15.2,11.1,18.4,2.5,1017.5,2652,34.05,74.4,1.2
2021-08-09,August,Monsoon,Gulmarg,JK,Baramulla,15.0,11.7,18.0,2.6,1017.8,2652,34.05,74.4,4.8
2021-08-10,August,Monsoon,Gulmarg,JK,Baramulla,15.5,11.7,19.0,3.8,1014.5,2652,34.05,74.4,7.1
2021-08-11,August,Monsoon,Gulmarg,JK,Baramulla,15.6,11.6,19.3,2.9,1011.4,2652,34.05,74.4,6.7
2021-08-12,August,Monsoon,Gulmarg,JK,Baramulla,16.2,11.6,19.6,2.8,1017.7,2652,34.05,74.4,1.7
2021-08-13,August,Monsoon,Gulmarg,JK,Baramulla,16.1,12.8,19.4,2.6,1011.2,2652,34.05,74.4,9.8
2021-08-14,August,Monsoon,Gulmarg,JK,Baramulla,14.1,10.7,17.8,3.0,1010.1,2652,34.05,74.4,3.1
2021-08-15,August,Monsoon,Gulmarg,JK,Baramulla,11.9,10.0,13.9,2.1,1012.3,2652,34.05,74.4,5.5
2021-08-16,August,Monsoon,Gulmarg,JK,Baramulla,13.2,9.7,17.1,2.5,1018.9,2652,34.05,74.4,1.0
2021-08-17,August,Monsoon,Gulmarg,JK,Baramulla,14.5,9.2,18.7,3.4,1019.2,2652,34.05,74.4,0.2
2021-08-18,August,Monsoon,Gulmarg,JK,Baramulla,15.1,11.2,18.6,2.7,1015.5,2652,34.05,74.4,2.5
2021-08-19,August,Monsoon,Gulmarg,JK,Baramulla,15.1,11.1,18.4,2.6,1014.9,2652,34.05,74.4,1.8
2021-08-20,August,Monsoon,Gulmarg,JK,Baramulla,15.2,10.7,20.0,2.7,1018.3,2652,34.05,74.4,1.9
2021-08-21,August,Monsoon,Gulmarg,JK,Baramulla,15.4,12.1,18.7,2.9,1018.2,2652,34.05,74.4,2.7
2021-08-22,August,Monsoon,Gulmarg,JK,Baramulla,15.4,13.1,18.6,2.9,1017.7,2652,34.05,74.4,1.0
2021-08-23,August,Monsoon,Gulmarg,JK,Baramulla,16.2,12.8,20.4,2.5,1016.6,2652,34.05,74.4,5.4
2021-08-24,August,Monsoon,Gulmarg,JK,Baramulla,16.5,12.7,20.6,2.8,1014.6,2652,34.05,74.4,1.5
2021-08-25,August,Monsoon,Gulmarg,JK,Baramulla,15.8,11.2,20.0,2.9,1011.1,2652,34.05,74.4,1.3
2021-08-26,August,Monsoon,Gulmarg,JK,Baramulla,15.8,10.9,20.6,2.7,1008.8,2652,34.05,74.4,3.3
2021-08-27,August,Monsoon,Gulmarg,JK,Baramulla,16.4,12.2,21.0,3.5,1009.8,2652,34.05,74.4,0.7
2021-08-28,August,Monsoon,Gulmarg,JK,Baramulla,14.2,11.2,17.7,2.8,1013.9,2652,34.05,74.4,2.7
2021-08-29,August,Monsoon,Gulmarg,JK,Baramulla,12.5,9.7,16.3,2.4,1016.2,2652,34.05,74.4,7.3
2021-08-30,August,Monsoon,Gulmarg,JK,Baramulla,12.8,8.0,16.4,2.7,1020.8,2652,34.05,74.4,1.4
2021-08-31,August,Monsoon,Gulmarg,JK,Baramulla,12.4,8.6,15.9,2.4,1020.5,2652,34.05,74.4,2.4
2021-09-01,September,Monsoon,Gulmarg,JK,Baramulla,12.0,7.3,16.2,2.8,1021.0,2652,34.05,74.4,3.7
2021-09-02,September,Monsoon,Gulmarg,JK,Baramulla,13.2,7.7,17.1,3.0,1015.0,2652,34.05,74.4,0.7
2021-09-03,September,Monsoon,Gulmarg,JK,Baramulla,13.8,9.3,17.2,3.4,1013.3,2652,34.05,74.4,3.2
2021-09-04,September,Monsoon,Gulmarg,JK,Baramulla,14.9,10.1,19.0,3.5,1015.3,2652,34.05,74.4,3.1
2021-09-05,September,Monsoon,Gulmarg,JK,Baramulla,16.7,14.5,19.8,3.6,1016.6,2652,34.05,74.4,7.3
2021-09-06,September,Monsoon,Gulmarg,JK,Baramulla,16.8,14.4,20.0,2.9,1017.2,2652,34.05,74.4,1.3
2021-09-07,September,Monsoon,Gulmarg,JK,Baramulla,16.6,13.3,19.4,3.5,1018.9,2652,34.05,74.4,7.3
2021-09-08,September,Monsoon,Gulmarg,JK,Baramulla,14.7,12.5,17.0,2.8,1019.1,2652,34.05,74.4,6.0
2021-09-09,September,Monsoon,Gulmarg,JK,Baramulla,14.4,12.8,17.0,2.9,1019.0,2652,34.05,74.4,14.3
2021-09-10,September,Monsoon,Gulmarg,JK,Baramulla,13.9,11.4,16.7,2.0,1018.1,2652,34.05,74.4,24.4
2021-09-11,September,Monsoon,Gulmarg,JK,Baramulla,13.0,11.4,15.1,1.7,1018.5,2652,34.05,74.4,37.1
2021-09-12,September,Monsoon,Gulmarg,JK,Baramulla,12.6,9.0,15.4,2.5,1015.5,2652,34.05,74.4,11.6
2021-09-13,September,Monsoon,Gulmarg,JK,Baramulla,13.2,9.9,17.2,2.8,1015.4,2652,34.05,74.4,1.7
2021-09-14,September,Monsoon,Gulmarg,JK,Baramulla,13.7,9.2,17.3,2.7,1021.4,2652,34.05,74.4,1.2
2021-09-15,September,Monsoon,Gulmarg,JK,Baramulla,14.3,10.0,18.0,2.8,1022.3,2652,34.05,74.4,1.2
2021-09-16,September,Monsoon,Gulmarg,JK,Baramulla,15.2,10.8,19.8,3.7,1017.2,2652,34.05,74.4,0.0
2021-09-17,September,Monsoon,Gulmarg,JK,Baramulla,15.3,11.8,19.3,4.2,1016.2,2652,34.05,74.4,0.3
2021-09-18,September,Monsoon,Gulmarg,JK,Baramulla,16.1,11.5,19.4,3.2,1017.0,2652,34.05,74.4,0.3
2021-09-19,September,Monsoon,Gulmarg,JK,Baramulla,16.1,13.6,20.0,2.6,1016.6,2652,34.05,74.4,2.4
2021-09-20,September,Monsoon,Gulmarg,JK,Baramulla,14.7,11.8,17.8,2.3,1020.6,2652,34.05,74.4,1.9
2021-09-21,September,Monsoon,Gulmarg,JK,Baramulla,13.1,10.2,16.4,2.0,1017.7,2652,34.05,74.4,4.8
2021-09-22,September,Monsoon,Gulmarg,JK,Baramulla,12.3,9.4,16.0,1.9,1016.5,2652,34.05,74.4,1.4
2021-09-23,September,Monsoon,Gulmarg,JK,Baramulla,12.3,9.4,15.5,2.1,1019.1,2652,34.05,74.4,3.9
2021-09-24,September,Monsoon,Gulmarg,JK,Baramulla,12.5,9.2,15.5,2.7,1022.6,2652,34.05,74.4,9.3
2021-09-25,September,Monsoon,Gulmarg,JK,Baramulla,13.1,8.3,17.0,3.8,1020.5,2652,34.05,74.4,0.3
2021-09-26,September,Monsoon,Gulmarg,JK,Baramulla,14.9,11.8,18.8,4.3,1019.2,2652,34.05,74.4,0.0
2021-09-27,September,Monsoon,Gulmarg,JK,Baramulla,15.3,13.0,18.4,3.5,1018.0,2652,34.05,74.4,1.3
2021-09-28,September,Monsoon,Gulmarg,JK,Baramulla,14.5,10.7,18.1,2.8,1020.5,2652,34.05,74.4,1.0
2021-09-29,September,Monsoon,Gulmarg,JK,Baramulla,14.3,11.7,18.4,2.9,1021.1,2652,34.05,74.4,0.7
2021-09-30,September,Monsoon,Gulmarg,JK,Baramulla,14.6,11.8,18.4,2.9,1018.6,2652,34.05,74.4,1.9
2021-10-01,October,Post-monsoon,Gulmarg,JK,Baramulla,13.7,10.8,17.4,3.0,1017.5,2652,34.05,74.4,3.5
2021-10-02,October,Post-monsoon,Gulmarg,JK,Baramulla,12.3,8.9,15.6,2.5,1022.6,2652,34.05,74.4,2.3
2021-10-03,October,Post-monsoon,Gulmarg,JK,Baramulla,11.3,8.1,14.7,2.9,1019.6,2652,34.05,74.4,3.6
2021-10-04,October,Post-monsoon,Gulmarg,JK,Baramulla,10.2,6.9,14.7,2.6,1017.9,2652,34.05,74.4,0.6
2021-10-05,October,Post-monsoon,Gulmarg,JK,Baramulla,10.0,5.3,14.2,2.4,1020.5,2652,34.05,74.4,0.2
2021-10-06,October,Post-monsoon,Gulmarg,JK,Baramulla,11.3,6.2,15.7,2.7,1021.6,2652,34.05,74.4,0.0
2021-10-07,October,Post-monsoon,Gulmarg,JK,Baramulla,12.5,8.7,17.3,2.7,1020.2,2652,34.05,74.4,0.0
2021-10-08,October,Post-monsoon,Gulmarg,JK,Baramulla,11.9,6.6,16.5,2.8,1017.6,2652,34.05,74.4,0.0
2021-10-09,October,Post-monsoon,Gulmarg,JK,Baramulla,10.4,6.2,15.2,2.9,1019.9,2652,34.05,74.4,0.0
2021-10-10,October,Post-monsoon,Gulmarg,JK,Baramulla,9.0,4.6,13.6,2.9,1019.2,2652,34.05,74.4,1.5
2021-10-11,October,Post-monsoon,Gulmarg,JK,Baramulla,7.2,2.8,11.2,2.0,1020.9,2652,34.05,74.4,3.9
2021-10-12,October,Post-monsoon,Gulmarg,JK,Baramulla,6.7,3.8,10.3,2.2,1021.8,2652,34.05,74.4,1.8
2021-10-13,October,Post-monsoon,Gulmarg,JK,Baramulla,8.8,6.4,12.4,3.6,1021.5,2652,34.05,74.4,1.8
2021-10-14,October,Post-monsoon,Gulmarg,JK,Baramulla,9.4,6.0,13.1,3.7,1020.8,2652,34.05,74.4,0.1
2021-10-15,October,Post-monsoon,Gulmarg,JK,Baramulla,10.9,8.5,14.5,3.9,1021.3,2652,34.05,74.4,0.0
2021-10-16,October,Post-monsoon,Gulmarg,JK,Baramulla,10.8,6.7,14.5,3.2,1021.0,2652,34.05,74.4,0.8
2021-10-17,October,Post-monsoon,Gulmarg,JK,Baramulla,7.0,4.1,9.1,2.8,1022.7,2652,34.05,74.4,17.8
2021-10-18,October,Post-monsoon,Gulmarg,JK,Baramulla,6.0,3.2,10.2,1.9,1014.7,2652,34.05,74.4,0.7
2021-10-19,October,Post-monsoon,Gulmarg,JK,Baramulla,7.2,2.8,11.6,3.1,1017.3,2652,34.05,74.4,0.4
2021-10-20,October,Post-monsoon,Gulmarg,JK,Baramulla,9.5,5.6,12.9,2.5,1022.3,2652,34.05,74.4,0.1
2021-10-21,October,Post-monsoon,Gulmarg,JK,Baramulla,9.9,6.8,14.1,2.4,1020.1,2652,34.05,74.4,0.0
2021-10-22,October,Post-monsoon,Gulmarg,JK,Baramulla,6.9,3.6,11.8,4.2,1016.5,2652,34.05,74.4,7.0
2021-10-23,October,Post-monsoon,Gulmarg,JK,Baramulla,3.0,0.0,4.1,1.7,1018.2,2652,34.05,74.4,13.1
2021-10-24,October,Post-monsoon,Gulmarg,JK,Baramulla,1.8,-1.8,4.1,2.0,1021.0,2652,34.05,74.4,4.2
2021-10-25,October,Post-monsoon,Gulmarg,JK,Baramulla,1.3,-2.0,3.8,3.7,1024.1,2652,34.05,74.4,0.9
2021-10-26,October,Post-monsoon,Gulmarg,JK,Baramulla,2.4,-0.5,5.0,2.6,1020.7,2652,34.05,74.4,0.4
2021-10-27,October,Post-monsoon,Gulmarg,JK,Baramulla,2.3,-2.0,5.6,3.9,1027.5,2652,34.05,74.4,0.1
2021-10-28,October,Post-monsoon,Gulmarg,JK,Baramulla,3.0,-3.3,8.0,2.6,1027.6,2652,34.05,74.4,0.0
2021-10-29,October,Post-monsoon,Gulmarg,JK,Baramulla,3.7,-0.7,7.8,2.4,1027.2,2652,34.05,74.4,0.1
2021-10-30,October,Post-monsoon,Gulmarg,JK,Baramulla,3.7,0.6,7.6,3.4,1025.4,2652,34.05,74.4,0.0
2021-10-31,October,Post-monsoon,Gulmarg,JK,Baramulla,4.7,0.8,9.0,2.8,1025.0,2652,34.05,74.4,0.0
2021-11-01,November,Post-monsoon,Gulmarg,JK,Baramulla,3.5,1.2,6.8,2.8,1022.3,2652,34.05,74.4,1.6
2021-11-02,November,Post-monsoon,Gulmarg,JK,Baramulla,1.4,-6.0,4.2,3.5,1026.7,2652,34.05,74.4,2.9
2021-11-03,November,Post-monsoon,Gulmarg,JK,Baramulla,1.4,-1.1,4.2,2.7,1027.1,2652,34.05,74.4,1.0
2021-11-04,November,Post-monsoon,Gulmarg,JK,Baramulla,2.6,0.4,6.0,2.6,1022.7,2652,34.05,74.4,0.0
2021-11-05,November,Post-monsoon,Gulmarg,JK,Baramulla,1.3,-2.4,3.1,3.4,1022.7,2652,34.05,74.4,3.4
2021-11-06,November,Post-monsoon,Gulmarg,JK,Baramulla,-0.3,-8.5,4.3,2.5,1022.4,2652,34.05,74.4,0.0
2021-11-07,November,Post-monsoon,Gulmarg,JK,Baramulla,2.7,0.0,5.2,2.7,1020.4,2652,34.05,74.4,0.0
2021-11-08,November,Post-monsoon,Gulmarg,JK,Baramulla,3.7,2.0,6.2,3.0,1024.8,2652,34.05,74.4,0.0
2021-11-09,November,Post-monsoon,Gulmarg,JK,Baramulla,4.4,2.3,7.1,2.9,1024.9,2652,34.05,74.4,0.0
2021-11-10,November,Post-monsoon,Gulmarg,JK,Baramulla,3.7,-1.3,8.1,3.4,1019.9,2652,34.05,74.4,0.0
2021-11-11,November,Post-monsoon,Gulmarg,JK,Baramulla,3.0,-0.9,7.7,3.1,1022.8,2652,34.05,74.4,0.0
2021-11-12,November,Post-monsoon,Gulmarg,JK,Baramulla,4.0,0.2,8.5,3.0,1022.4,2652,34.05,74.4,0.0
2021-11-13,November,Post-monsoon,Gulmarg,JK,Baramulla,4.8,0.6,8.6,2.9,1021.8,2652,34.05,74.4,0.0
2021-11-14,November,Post-monsoon,Gulmarg,JK,Baramulla,3.9,-0.6,7.1,3.8,1016.8,2652,34.05,74.4,0.4
2021-11-15,November,Post-monsoon,Gulmarg,JK,Baramulla,2.8,-0.1,5.9,2.9,1017.4,2652,34.05,74.4,0.0
2021-11-16,November,Post-monsoon,Gulmarg,JK,Baramulla,3.2,0.0,6.8,2.9,1019.5,2652,34.05,74.4,0.0
2021-11-17,November,Post-monsoon,Gulmarg,JK,Baramulla,3.6,-1.1,8.1,3.4,1021.2,2652,34.05,74.4,0.0
2021-11-18,November,Post-monsoon,Gulmarg,JK,Baramulla,3.3,-0.7,7.9,3.3,1019.4,2652,34.05,74.4,0.0
2021-11-19,November,Post-monsoon,Gulmarg,JK,Baramulla,3.5,-0.2,7.3,3.2,1016.7,2652,34.05,74.4,0.0
2021-11-20,November,Post-monsoon,Gulmarg,JK,Baramulla,3.3,-0.3,7.5,2.8,1016.3,2652,34.05,74.4,0.0
2021-11-21,November,Post-monsoon,Gulmarg,JK,Baramulla,3.7,0.6,7.7,2.6,1020.8,2652,34.05,74.4,0.0
2021-11-22,November,Post-monsoon,Gulmarg,JK,Baramulla,5.0,3.1,7.7,3.4,1021.8,2652,34.05,74.4,0.0
2021-11-23,November,Post-monsoon,Gulmarg,JK,Baramulla,5.0,2.6,8.3,2.3,1017.4,2652,34.05,74.4,0.0
2021-11-24,November,Post-monsoon,Gulmarg,JK,Baramulla,4.7,1.1,7.7,2.7,1019.2,2652,34.05,74.4,0.0
2021-11-25,November,Post-monsoon,Gulmarg,JK,Baramulla,3.6,1.4,6.3,3.5,1022.1,2652,34.05,74.4,0.8
2021-11-26,November,Post-monsoon,Gulmarg,JK,Baramulla,4.0,1.6,6.8,2.6,1016.3,2652,34.05,74.4,0.0
2021-11-27,November,Post-monsoon,Gulmarg,JK,Baramulla,3.6,-0.3,6.6,2.6,1019.8,2652,34.05,74.4,0.2
2021-11-28,November,Post-monsoon,Gulmarg,JK,Baramulla,2.1,-1.4,5.7,2.7,1024.9,2652,34.05,74.4,0.0
2021-11-29,November,Post-monsoon,Gulmarg,JK,Baramulla,1.2,-1.5,5.2,3.1,1026.3,2652,34.05,74.4,0.0
2021-11-30,November,Post-monsoon,Gulmarg,JK,Baramulla,3.7,1.7,7.2,2.4,1022.9,2652,34.05,74.4,0.0
2021-12-01,December,Winter,Gulmarg,JK,Baramulla,3.6,-0.6,7.5,2.3,1022.3,2652,34.05,74.4,0.0
2021-12-02,December,Winter,Gulmarg,JK,Baramulla,4.1,1.9,7.9,2.5,1024.3,2652,34.05,74.4,0.0
2021-12-03,December,Winter,Gulmarg,JK,Baramulla,4.1,1.1,7.4,2.1,1025.0,2652,34.05,74.4,0.0
2021-12-04,December,Winter,Gulmarg,JK,Baramulla,3.9,2.1,7.2,1.9,1022.5,2652,34.05,74.4,0.0
2021-12-05,December,Winter,Gulmarg,JK,Baramulla,0.7,-2.7,2.8,2.6,1019.5,2652,34.05,74.4,9.0
2021-12-06,December,Winter,Gulmarg,JK,Baramulla,-1.7,-5.9,1.5,2.5,1021.9,2652,34.05,74.4,1.8
2021-12-07,December,Winter,Gulmarg,JK,Baramulla,0.6,-3.6,3.2,2.4,1024.3,2652,34.05,74.4,0.0
2021-12-08,December,Winter,Gulmarg,JK,Baramulla,1.4,-4.0,3.9,1.9,1022.4,2652,34.05,74.4,0.0
2021-12-09,December,Winter,Gulmarg,JK,Baramulla,0.3,-3.4,2.7,2.8,1027.1,2652,34.05,74.4,0.0
2021-12-10,December,Winter,Gulmarg,JK,Baramulla,0.0,-3.4,2.6,3.5,1028.4,2652,34.05,74.4,0.0
2021-12-11,December,Winter,Gulmarg,JK,Baramulla,1.3,-3.6,4.0,2.1,1023.9,2652,34.05,74.4,0.0
2021-12-12,December,Winter,Gulmarg,JK,Baramulla,1.7,-3.0,4.1,2.0,1023.2,2652,34.05,74.4,0.0
2021-12-13,December,Winter,Gulmarg,JK,Baramulla,-0.3,-3.3,2.5,1.8,1018.9,2652,34.05,74.4,0.0
2021-12-14,December,Winter,Gulmarg,JK,Baramulla,-3.4,-6.5,-1.2,2.5,1017.5,2652,34.05,74.4,0.6
2021-12-15,December,Winter,Gulmarg,JK,Baramulla,-5.2,-7.0,-2.3,2.4,1021.8,2652,34.05,74.4,0.1
2021-12-16,December,Winter,Gulmarg,JK,Baramulla,-5.5,-8.0,-3.2,3.6,1017.4,2652,34.05,74.4,2.6
2021-12-17,December,Winter,Gulmarg,JK,Baramulla,-4.8,-7.9,-2.0,3.7,1021.8,2652,34.05,74.4,0.0
2021-12-18,December,Winter,Gulmarg,JK,Baramulla,-2.9,-6.6,0.0,3.9,1022.6,2652,34.05,74.4,0.0
2021-12-19,December,Winter,Gulmarg,JK,Baramulla,-0.1,-2.5,2.8,2.6,1022.9,2652,34.05,74.4,0.0
2021-12-20,December,Winter,Gulmarg,JK,Baramulla,1.8,-1.6,4.6,2.0,1020.2,2652,34.05,74.4,0.0
2021-12-21,December,Winter,Gulmarg,JK,Baramulla,0.6,-3.0,3.2,3.0,1020.7,2652,34.05,74.4,0.0
2021-12-22,December,Winter,Gulmarg,JK,Baramulla,1.1,-0.7,3.5,2.5,1016.1,2652,34.05,74.4,0.3
2021-12-23,December,Winter,Gulmarg,JK,Baramulla,-1.3,-6.1,1.7,2.1,1016.1,2652,34.05,74.4,1.8
2021-12-24,December,Winter,Gulmarg,JK,Baramulla,-3.0,-6.4,0.9,2.5,1018.2,2652,34.05,74.4,0.9
2021-12-25,December,Winter,Gulmarg,JK,Baramulla,-2.7,-5.2,0.8,2.3,1018.3,2652,34.05,74.4,0.0
2021-12-26,December,Winter,Gulmarg,JK,Baramulla,-3.8,-5.2,-1.5,2.2,1018.7,2652,34.05,74.4,7.0
2021-12-27,December,Winter,Gulmarg,JK,Baramulla,-5.0,-8.2,-2.7,3.8,1021.2,2652,34.05,74.4,4.4
2021-12-28,December,Winter,Gulmarg,JK,Baramulla,-5.9,-7.8,-3.4,2.8,1021.6,2652,34.05,74.4,0.5
2021-12-29,December,Winter,Gulmarg,JK,Baramulla,-5.3,-7.4,-3.1,2.9,1021.6,2652,34.05,74.4,0.0
2021-12-30,December,Winter,Gulmarg,JK,Baramulla,-4.0,-7.6,-2.1,2.7,1025.3,2652,34.05,74.4,0.0
2021-12-31,December,Winter,Gulmarg,JK,Baramulla,-2.5,-5.6,-0.7,2.2,1026.6,2652,34.05,74.4,0.0
2022-01-01,January,Winter,Gulmarg,JK,Baramulla,-2.1,-4.7,0.4,2.1,1025.4,2652,34.05,74.4,2.2
2022-01-02,January,Winter,Gulmarg,JK,Baramulla,-4.5,-11.3,-1.6,2.9,1024.3,2652,34.05,74.4,1.4
2022-01-03,January,Winter,Gulmarg,JK,Baramulla,-2.4,-5.0,-0.4,2.0,1023.5,2652,34.05,74.4,8.4
2022-01-04,January,Winter,Gulmarg,JK,Baramulla,-2.4,-5.2,-0.7,3.6,1015.1,2652,34.05,74.4,12.4
2022-01-05,January,Winter,Gulmarg,JK,Baramulla,-2.5,-5.3,-1.1,3.0,1009.9,2652,34.05,74.4,42.4
2022-01-06,January,Winter,Gulmarg,JK,Baramulla,-2.5,-4.6,-1.0,2.5,1014.5,2652,34.05,74.4,2.8
2022-01-07,January,Winter,Gulmarg,JK,Baramulla,-3.1,-4.0,-2.0,2.8,1013.1,2652,34.05,74.4,21.2
2022-01-08,January,Winter,Gulmarg,JK,Baramulla,-3.4,-6.1,-2.2,2.7,1014.2,2652,34.05,74.4,60.7
2022-01-09,January,Winter,Gulmarg,JK,Baramulla,-4.7,-7.1,-2.4,2.7,1012.3,2652,34.05,74.4,0.2
2022-01-10,January,Winter,Gulmarg,JK,Baramulla,-5.2,-7.2,-2.9,2.7,1013.8,2652,34.05,74.4,0.3
2022-01-11,January,Winter,Gulmarg,JK,Baramulla,-5.0,-7.0,-2.9,2.2,1020.0,2652,34.05,74.4,0.0
2022-01-12,January,Winter,Gulmarg,JK,Baramulla,-4.6,-9.4,-2.8,2.2,1018.3,2652,34.05,74.4,0.0
2022-01-13,January,Winter,Gulmarg,JK,Baramulla,-5.3,-8.0,-3.3,2.4,1018.3,2652,34.05,74.4,0.0
2022-01-14,January,Winter,Gulmarg,JK,Baramulla,-4.9,-8.4,-1.6,2.5,1019.2,2652,34.05,74.4,0.0
2022-01-15,January,Winter,Gulmarg,JK,Baramulla,-3.1,-7.2,-1.3,2.0,1022.0,2652,34.05,74.4,0.0
2022-01-16,January,Winter,Gulmarg,JK,Baramulla,-1.1,-5.0,1.1,1.7,1023.1,2652,34.05,74.4,0.1
2022-01-17,January,Winter,Gulmarg,JK,Baramulla,-2.1,-3.8,0.6,2.4,1022.7,2652,34.05,74.4,7.6
2022-01-18,January,Winter,Gulmarg,JK,Baramulla,-3.5,-7.8,-0.6,4.0,1019.8,2652,34.05,74.4,0.6
2022-01-19,January,Winter,Gulmarg,JK,Baramulla,-3.5,-4.7,-2.5,3.5,1013.0,2652,34.05,74.4,11.7
2022-01-20,January,Winter,Gulmarg,JK,Baramulla,-3.3,-5.7,-0.4,2.2,1004.6,2652,34.05,74.4,0.0
2022-01-21,January,Winter,Gulmarg,JK,Baramulla,-5.9,-8.9,-4.1,5.0,1009.6,2652,34.05,74.4,1.6
2022-01-22,January,Winter,Gulmarg,JK,Baramulla,-5.6,-8.0,-2.6,3.1,1011.0,2652,34.05,74.4,5.7
2022-01-23,January,Winter,Gulmarg,JK,Baramulla,-5.6,-9.0,-2.6,2.3,1011.4,2652,34.05,74.4,4.3
2022-01-24,January,Winter,Gulmarg,JK,Baramulla,-6.0,-9.9,-3.0,2.5,1011.4,2652,34.05,74.4,0.9
2022-01-25,January,Winter,Gulmarg,JK,Baramulla,-5.8,-7.4,-3.0,2.8,1009.4,2652,34.05,74.4,0.1
2022-01-26,January,Winter,Gulmarg,JK,Baramulla,-6.4,-7.8,-3.8,3.1,1011.3,2652,34.05,74.4,0.0
2022-01-27,January,Winter,Gulmarg,JK,Baramulla,-6.4,-7.8,-3.2,4.7,1014.8,2652,34.05,74.4,0.0
2022-01-28,January,Winter,Gulmarg,JK,Baramulla,-3.2,-8.8,0.1,4.4,1014.8,2652,34.05,74.4,0.0
2022-01-29,January,Winter,Gulmarg,JK,Baramulla,-4.2,-7.5,-0.8,5.7,1015.7,2652,34.05,74.4,0.0
2022-01-30,January,Winter,Gulmarg,JK,Baramulla,-3.1,-6.4,0.8,4.8,1011.7,2652,34.05,74.4,0.2
2022-01-31,January,Winter,Gulmarg,JK,Baramulla,-5.2,-11.4,-1.6,5.0,1007.8,2652,34.05,74.4,1.6
2022-02-01,February,Winter,Gulmarg,JK,Baramulla,-5.6,-12.7,-1.6,5.0,1009.6,2652,34.05,74.4,0.3
2022-02-02,February,Winter,Gulmarg,JK,Baramulla,-2.8,-5.8,0.0,3.8,1008.4,2652,34.05,74.4,2.0
2022-02-03,February,Winter,Gulmarg,JK,Baramulla,-5.1,-8.2,-1.6,2.4,1011.1,2652,34.05,74.4,4.1
2022-02-04,February,Winter,Gulmarg,JK,Baramulla,-5.3,-8.0,-1.8,2.8,1012.2,2652,34.05,74.4,0.2
2022-02-05,February,Winter,Gulmarg,JK,Baramulla,-3.7,-8.0,-1.4,4.6,1011.8,2652,34.05,74.4,0.0
2022-02-06,February,Winter,Gulmarg,JK,Baramulla,-3.9,-6.7,-1.7,4.7,1013.3,2652,34.05,74.4,3.5
2022-02-07,February,Winter,Gulmarg,JK,Baramulla,-4.3,-7.3,-1.8,3.4,1015.4,2652,34.05,74.4,3.2
2022-02-08,February,Winter,Gulmarg,JK,Baramulla,-4.8,-9.7,-2.6,3.7,1012.7,2652,34.05,74.4,0.8
2022-02-09,February,Winter,Gulmarg,JK,Baramulla,-6.0,-9.2,-2.0,3.4,1015.2,2652,34.05,74.4,1.0
2022-02-10,February,Winter,Gulmarg,JK,Baramulla,-5.2,-8.0,-2.6,3.2,1018.5,2652,34.05,74.4,0.0
2022-02-11,February,Winter,Gulmarg,JK,Baramulla,-2.9,-7.0,-0.2,3.6,1018.4,2652,34.05,74.4,0.0
2022-02-12,February,Winter,Gulmarg,JK,Baramulla,-0.8,-5.6,1.3,3.2,1016.0,2652,34.05,74.4,0.0
2022-02-13,February,Winter,Gulmarg,JK,Baramulla,-0.6,-4.4,2.2,2.8,1012.9,2652,34.05,74.4,0.0
2022-02-14,February,Winter,Gulmarg,JK,Baramulla,-1.4,-3.6,1.0,1.8,1015.5,2652,34.05,74.4,0.0
2022-02-15,February,Winter,Gulmarg,JK,Baramulla,-4.3,-9.4,1.6,3.2,1015.6,2652,34.05,74.4,0.8
2022-02-16,February,Winter,Gulmarg,JK,Baramulla,-3.7,-6.4,0.8,3.4,1012.9,2652,34.05,74.4,0.6
2022-02-17,February,Winter,Gulmarg,JK,Baramulla,-4.7,-8.6,-1.0,3.8,1013.4,2652,34.05,74.4,2.1
2022-02-18,February,Winter,Gulmarg,JK,Baramulla,-3.8,-6.3,-1.8,2.8,1015.8,2652,34.05,74.4,0.7
2022-02-19,February,Winter,Gulmarg,JK,Baramulla,-3.0,-5.0,1.8,2.2,1017.1,2652,34.05,74.4,0.0
2022-02-20,February,Winter,Gulmarg,JK,Baramulla,-3.0,-5.2,2.6,3.5,1009.0,2652,34.05,74.4,0.0
2022-02-21,February,Winter,Gulmarg,JK,Baramulla,-1.3,-5.4,2.6,3.5,1008.5,2652,34.05,74.4,0.0
2022-02-22,February,Winter,Gulmarg,JK,Baramulla,-2.5,-4.1,0.3,3.5,1011.8,2652,34.05,74.4,20.2
2022-02-23,February,Winter,Gulmarg,JK,Baramulla,-1.9,-3.3,-0.6,2.4,1012.7,2652,34.05,74.4,18.4
2022-02-24,February,Winter,Gulmarg,JK,Baramulla,-3.5,-7.1,-0.6,2.4,1018.3,2652,34.05,74.4,4.9
2022-02-25,February,Winter,Gulmarg,JK,Baramulla,-4.8,-9.3,-2.2,2.9,1018.3,2652,34.05,74.4,9.8
2022-02-26,February,Winter,Gulmarg,JK,Baramulla,-4.7,-6.5,-2.4,3.4,1018.9,2652,34.05,74.4,3.9
2022-02-27,February,Winter,Gulmarg,JK,Baramulla,-3.9,-6.8,-1.3,3.2,1024.4,2652,34.05,74.4,0.1
2022-02-28,February,Winter,Gulmarg,JK,Baramulla,-0.9,-5.8,2.0,2.2,1022.2,2652,34.05,74.4,0.8
2022-03-01,March,Winter,Gulmarg,JK,Baramulla,-2.3,-6.6,-0.8,2.2,1021.6,2652,34.05,74.4,0.3
2022-03-02,March,Winter,Gulmarg,JK,Baramulla,-1.6,-6.9,0.4,2.1,1021.8,2652,34.05,74.4,0.0
2022-03-03,March,Winter,Gulmarg,JK,Baramulla,-2.1,-3.0,-0.6,3.6,1018.6,2652,34.05,74.4,9.8
2022-03-04,March,Winter,Gulmarg,JK,Baramulla,-1.5,-3.7,1.4,2.4,1022.5,2652,34.05,74.4,0.0
2022-03-05,March,Winter,Gulmarg,JK,Baramulla,2.0,-3.0,4.2,1.8,1021.3,2652,34.05,74.4,0.0
2022-03-06,March,Winter,Gulmarg,JK,Baramulla,1.7,0.3,3.6,3.1,1017.2,2652,34.05,74.4,1.4
2022-03-07,March,Winter,Gulmarg,JK,Baramulla,-0.2,-3.4,1.0,3.8,1022.2,2652,34.05,74.4,28.6
2022-03-08,March,Winter,Gulmarg,JK,Baramulla,1.5,-1.6,3.2,1.8,1024.7,2652,34.05,74.4,0.0
2022-03-09,March,Winter,Gulmarg,JK,Baramulla,2.2,0.1,6.4,2.6,1021.8,2652,34.05,74.4,0.0
2022-03-10,March,Winter,Gulmarg,JK,Baramulla,2.9,0.8,7.8,2.2,1021.6,2652,34.05,74.4,0.0
2022-03-11,March,Winter,Gulmarg,JK,Baramulla,4.1,2.2,9.2,2.4,1023.5,2652,34.05,74.4,0.0
2022-03-12,March,Winter,Gulmarg,JK,Baramulla,6.0,3.8,9.0,2.2,1022.0,2652,34.05,74.4,0.0
2022-03-13,March,Winter,Gulmarg,JK,Baramulla,8.1,4.4,12.0,1.7,1024.1,2652,34.05,74.4,0.0
2022-03-14,March,Winter,Gulmarg,JK,Baramulla,9.5,5.0,10.9,2.9,1022.6,2652,34.05,74.4,0.0
2022-03-15,March,Winter,Gulmarg,JK,Baramulla,8.2,5.0,10.8,2.6,1023.5,2652,34.05,74.4,0.1
2022-03-16,March,Winter,Gulmarg,JK,Baramulla,9.0,4.6,13.0,1.6,1021.8,2652,34.05,74.4,0.0
2022-03-17,March,Winter,Gulmarg,JK,Baramulla,11.0,8.0,14.0,2.0,1020.3,2652,34.05,74.4,0.0
2022-03-18,March,Winter,Gulmarg,JK,Baramulla,9.1,4.3,14.2,4.9,1022.1,2652,34.05,74.4,0.3
2022-03-19,March,Winter,Gulmarg,JK,Baramulla,5.9,3.2,8.4,4.3,1020.3,2652,34.05,74.4,5.7
2022-03-20,March,Winter,Gulmarg,JK,Baramulla,4.9,3.1,7.4,3.6,1016.6,2652,34.05,74.4,10.5
2022-03-21,March,Winter,Gulmarg,JK,Baramulla,5.7,3.9,11.0,2.5,1021.2,2652,34.05,74.4,0.0
2022-03-22,March,Winter,Gulmarg,JK,Baramulla,7.3,4.3,13.4,2.5,1020.5,2652,34.05,74.4,0.0
2022-03-23,March,Winter,Gulmarg,JK,Baramulla,6.1,1.7,10.6,3.6,1017.6,2652,34.05,74.4,2.4
2022-03-24,March,Winter,Gulmarg,JK,Baramulla,3.5,0.0,6.0,3.2,1016.8,2652,34.05,74.4,0.1
2022-03-25,March,Winter,Gulmarg,JK,Baramulla,4.8,2.1,11.0,3.7,1018.6,2652,34.05,74.4,0.0
2022-03-26,March,Winter,Gulmarg,JK,Baramulla,6.9,4.4,13.0,3.0,1022.9,2652,34.05,74.4,0.0
2022-03-27,March,Winter,Gulmarg,JK,Baramulla,7.7,4.3,13.0,3.4,1022.5,2652,34.05,74.4,0.0
2022-03-28,March,Winter,Gulmarg,JK,Baramulla,7.5,4.1,14.0,4.3,1021.8,2652,34.05,74.4,0.0
2022-03-29,March,Winter,Gulmarg,JK,Baramulla,8.1,4.1,16.2,3.8,1021.2,2652,34.05,74.4,0.0
2022-03-30,March,Winter,Gulmarg,JK,Baramulla,7.9,4.0,14.8,3.8,1019.4,2652,34.05,74.4,0.1
2022-03-31,March,Winter,Gulmarg,JK,Baramulla,7.6,4.4,13.4,4.5,1024.2,2652,34.05,74.4,0.0
2022-04-01,April,Summer,Gulmarg,JK,Baramulla,9.2,6.5,14.8,3.3,1022.5,2652,34.05,74.4,0.0
2022-04-02,April,Summer,Gulmarg,JK,Baramulla,8.6,2.7,12.1,3.8,1019.2,2652,34.05,74.4,1.0
2022-04-03,April,Summer,Gulmarg,JK,Baramulla,5.6,2.2,12.0,4.0,1026.6,2652,34.05,74.4,4.6
2022-04-04,April,Summer,Gulmarg,JK,Baramulla,8.0,4.7,13.8,4.0,1024.6,2652,34.05,74.4,0.0
2022-04-05,April,Summer,Gulmarg,JK,Baramulla,8.9,6.1,14.8,3.9,1024.8,2652,34.05,74.4,0.0
2022-04-06,April,Summer,Gulmarg,JK,Baramulla,9.4,6.6,13.8,4.1,1025.0,2652,34.05,74.4,0.0
2022-04-07,April,Summer,Gulmarg,JK,Baramulla,10.2,7.7,14.0,3.7,1022.1,2652,34.05,74.4,0.0
2022-04-08,April,Summer,Gulmarg,JK,Baramulla,10.7,7.2,16.2,2.9,1022.5,2652,34.05,74.4,0.0
2022-04-09,April,Summer,Gulmarg,JK,Baramulla,8.4,5.7,11.4,3.7,1025.1,2652,34.05,74.4,5.8
2022-04-10,April,Summer,Gulmarg,JK,Baramulla,9.5,6.8,16.4,4.2,1024.3,2652,34.05,74.4,0.0
2022-04-11,April,Summer,Gulmarg,JK,Baramulla,10.8,8.0,15.4,3.7,1020.8,2652,34.05,74.4,0.0
2022-04-12,April,Summer,Gulmarg,JK,Baramulla,10.6,5.4,15.6,2.7,1020.7,2652,34.05,74.4,4.4
2022-04-13,April,Summer,Gulmarg,JK,Baramulla,6.2,2.0,10.0,3.0,1019.8,2652,34.05,74.4,15.1
2022-04-14,April,Summer,Gulmarg,JK,Baramulla,5.5,1.6,8.1,2.3,1016.9,2652,34.05,74.4,3.0
2022-04-15,April,Summer,Gulmarg,JK,Baramulla,6.9,4.7,11.0,3.1,1015.1,2652,34.05,74.4,2.9
2022-04-16,April,Summer,Gulmarg,JK,Baramulla,8.9,5.7,14.2,4.0,1014.9,2652,34.05,74.4,0.0
2022-04-17,April,Summer,Gulmarg,JK,Baramulla,10.8,7.0,15.0,4.4,1019.0,2652,34.05,74.4,0.2
2022-04-18,April,Summer,Gulmarg,JK,Baramulla,11.6,8.1,15.6,3.3,1023.0,2652,34.05,74.4,5.3
2022-04-19,April,Summer,Gulmarg,JK,Baramulla,9.0,4.3,11.8,3.1,1026.2,2652,34.05,74.4,8.2
2022-04-20,April,Summer,Gulmarg,JK,Baramulla,8.3,5.3,12.1,1.6,1022.0,2652,34.05,74.4,5.0
2022-04-21,April,Summer,Gulmarg,JK,Baramulla,4.7,1.3,6.7,2.6,1020.9,2652,34.05,74.4,11.4
2022-04-22,April,Summer,Gulmarg,JK,Baramulla,4.9,2.3,7.6,2.2,1021.3,2652,34.05,74.4,5.1
2022-04-23,April,Summer,Gulmarg,JK,Baramulla,5.5,2.3,9.3,2.7,1023.2,2652,34.05,74.4,3.4
2022-04-24,April,Summer,Gulmarg,JK,Baramulla,8.9,5.8,12.7,3.2,1020.6,2652,34.05,74.4,0.5
2022-04-25,April,Summer,Gulmarg,JK,Baramulla,7.4,3.2,10.8,2.6,1018.3,2652,34.05,74.4,4.1
2022-04-26,April,Summer,Gulmarg,JK,Baramulla,8.3,2.3,12.7,3.5,1022.1,2652,34.05,74.4,0.7
2022-04-27,April,Summer,Gulmarg,JK,Baramulla,12.1,9.1,15.9,3.1,1021.3,2652,34.05,74.4,0.2
2022-04-28,April,Summer,Gulmarg,JK,Baramulla,11.5,8.0,14.7,2.7,1023.6,2652,34.05,74.4,4.3
2022-04-29,April,Summer,Gulmarg,JK,Baramulla,11.1,7.6,14.2,3.4,1025.4,2652,34.05,74.4,1.1
2022-04-30,April,Summer,Gulmarg,JK,Baramulla,11.6,8.9,14.6,2.9,1018.0,2652,34.05,74.4,3.4
2022-05-01,May,Summer,Gulmarg,JK,Baramulla,13.5,10.0,17.8,4.9,1016.8,2652,34.05,74.4,0.1
2022-05-02,May,Summer,Gulmarg,JK,Baramulla,14.3,11.6,17.2,4.2,1014.7,2652,34.05,74.4,0.7
2022-05-03,May,Summer,Gulmarg,JK,Baramulla,11.4,8.2,14.3,3.0,1018.7,2652,34.05,74.4,4.9
2022-05-04,May,Summer,Gulmarg,JK,Baramulla,8.8,6.6,11.5,2.1,1019.9,2652,34.05,74.4,12.2
2022-05-05,May,Summer,Gulmarg,JK,Baramulla,8.5,6.0,11.8,1.7,1019.0,2652,34.05,74.4,2.6
2022-05-06,May,Summer,Gulmarg,JK,Baramulla,9.1,5.9,12.0,2.3,1019.0,2652,34.05,74.4,2.5
2022-05-07,May,Summer,Gulmarg,JK,Baramulla,11.0,8.1,14.5,3.1,1020.3,2652,34.05,74.4,0.0
2022-05-08,May,Summer,Gulmarg,JK,Baramulla,13.1,9.9,16.9,3.1,1016.6,2652,34.05,74.4,1.2
2022-05-09,May,Summer,Gulmarg,JK,Baramulla,13.4,10.5,16.3,3.9,1019.7,2652,34.05,74.4,2.3
2022-05-10,May,Summer,Gulmarg,JK,Baramulla,13.4,9.6,16.9,3.8,1018.7,2652,34.05,74.4,1.6
2022-05-11,May,Summer,Gulmarg,JK,Baramulla,13.9,10.9,18.2,3.7,1016.1,2652,34.05,74.4,0.7
2022-05-12,May,Summer,Gulmarg,JK,Baramulla,13.8,9.3,17.3,4.1,1016.1,2652,34.05,74.4,0.6
2022-05-13,May,Summer,Gulmarg,JK,Baramulla,14.1,10.9,17.4,4.7,1013.4,2652,34.05,74.4,0.2
2022-05-14,May,Summer,Gulmarg,JK,Baramulla,15.4,11.1,20.0,3.2,1012.9,2652,34.05,74.4,0.0
2022-05-15,May,Summer,Gulmarg,JK,Baramulla,14.6,10.3,17.4,2.6,1016.4,2652,34.05,74.4,1.2
2022-05-16,May,Summer,Gulmarg,JK,Baramulla,11.7,7.9,15.3,3.6,1017.5,2652,34.05,74.4,3.8
2022-05-17,May,Summer,Gulmarg,JK,Baramulla,11.5,7.4,15.2,2.7,1014.9,2652,34.05,74.4,3.8
2022-05-18,May,Summer,Gulmarg,JK,Baramulla,12.4,7.6,16.2,3.7,1017.8,2652,34.05,74.4,1.7
2022-05-19,May,Summer,Gulmarg,JK,Baramulla,12.2,7.3,16.6,3.0,1017.0,2652,34.05,74.4,4.6
2022-05-20,May,Summer,Gulmarg,JK,Baramulla,10.0,5.6,13.3,2.6,1014.4,2652,34.05,74.4,9.4
2022-05-21,May,Summer,Gulmarg,JK,Baramulla,8.0,4.9,11.9,3.0,1009.6,2652,34.05,74.4,0.8
2022-05-22,May,Summer,Gulmarg,JK,Baramulla,9.1,7.0,12.5,2.4,1002.8,2652,34.05,74.4,6.9
2022-05-23,May,Summer,Gulmarg,JK,Baramulla,6.9,5.0,8.9,3.1,1004.2,2652,34.05,74.4,18.6
2022-05-24,May,Summer,Gulmarg,JK,Baramulla,7.1,4.0,11.0,3.3,1013.7,2652,34.05,74.4,2.2
2022-05-25,May,Summer,Gulmarg,JK,Baramulla,10.2,4.0,15.2,4.1,1017.1,2652,34.05,74.4,0.1
2022-05-28,May,Summer,Gulmarg,JK,Baramulla,12.1,9.0,15.7,3.0,1010.5,2652,34.05,74.4,2.8
2022-05-29,May,Summer,Gulmarg,JK,Baramulla,11.7,8.3,15.4,2.7,1011.6,2652,34.05,74.4,1.6
2022-05-30,May,Summer,Gulmarg,JK,Baramulla,11.7,7.0,15.4,2.4,1013.3,2652,34.05,74.4,0.8
2022-05-31,May,Summer,Gulmarg,JK,Baramulla,10.7,7.8,13.9,2.2,1014.3,2652,34.05,74.4,3.1
2022-06-01,June,Summer,Gulmarg,JK,Baramulla,9.9,6.8,13.7,2.4,1016.0,2652,34.05,74.4,1.7
2022-06-02,June,Summer,Gulmarg,JK,Baramulla,11.5,8.4,15.0,2.7,1016.5,2652,34.05,74.4,1.4
2022-06-03,June,Summer,Gulmarg,JK,Baramulla,12.0,9.7,16.2,3.2,1016.5,2652,34.05,74.4,5.2
2022-06-04,June,Summer,Gulmarg,JK,Baramulla,12.9,10.0,16.3,3.7,1016.4,2652,34.05,74.4,1.8
2022-06-05,June,Summer,Gulmarg,JK,Baramulla,13.5,10.5,16.7,3.3,1019.4,2652,34.05,74.4,5.2
2022-06-06,June,Summer,Gulmarg,JK,Baramulla,14.4,11.8,17.8,3.5,1016.7,2652,34.05,74.4,5.6
2022-06-07,June,Summer,Gulmarg,JK,Baramulla,14.3,11.5,17.8,3.2,1014.2,2652,34.05,74.4,6.2
2022-06-08,June,Summer,Gulmarg,JK,Baramulla,14.0,10.9,17.7,3.6,1015.9,2652,34.05,74.4,6.7
2022-06-09,June,Summer,Gulmarg,JK,Baramulla,13.9,10.8,16.5,2.8,1015.2,2652,34.05,74.4,1.8
2022-06-10,June,Summer,Gulmarg,JK,Baramulla,13.8,9.4,17.0,3.2,1016.3,2652,34.05,74.4,1.8
2022-06-11,June,Summer,Gulmarg,JK,Baramulla,13.7,10.6,17.3,3.3,1016.2,2652,34.05,74.4,0.5
2022-06-12,June,Summer,Gulmarg,JK,Baramulla,13.0,10.7,15.9,3.4,1017.3,2652,34.05,74.4,5.4
2022-06-13,June,Summer,Gulmarg,JK,Baramulla,14.1,11.1,16.7,3.6,1018.4,2652,34.05,74.4,4.3
2022-06-14,June,Summer,Gulmarg,JK,Baramulla,15.5,12.6,19.4,3.3,1017.3,2652,34.05,74.4,0.0
2022-06-15,June,Summer,Gulmarg,JK,Baramulla,16.1,13.2,22.4,3.3,1013.7,2652,34.05,74.4,4.0
2022-06-16,June,Summer,Gulmarg,JK,Baramulla,14.7,12.0,18.7,3.8,1012.2,2652,34.05,74.4,3.8
2022-06-17,June,Summer,Gulmarg,JK,Baramulla,13.0,9.8,16.1,2.6,1009.6,2652,34.05,74.4,5.5
2022-06-18,June,Summer,Gulmarg,JK,Baramulla,10.4,6.6,14.0,2.6,1008.7,2652,34.05,74.4,11.8
2022-06-19,June,Summer,Gulmarg,JK,Baramulla,9.2,6.8,11.6,2.1,1008.4,2652,34.05,74.4,8.2
2022-06-20,June,Summer,Gulmarg,JK,Baramulla,8.6,6.4,11.5,1.6,1004.5,2652,34.05,74.4,11.9
2022-06-21,June,Summer,Gulmarg,JK,Baramulla,7.6,6.5,8.8,3.6,1002.3,2652,34.05,74.4,34.0
2022-06-22,June,Summer,Gulmarg,JK,Baramulla,8.0,5.3,11.9,3.1,1014.0,2652,34.05,74.4,34.1
2022-06-23,June,Summer,Gulmarg,JK,Baramulla,10.7,5.1,14.8,2.7,1018.0,2652,34.05,74.4,1.9
2022-06-24,June,Summer,Gulmarg,JK,Baramulla,14.3,9.7,18.1,4.6,1012.7,2652,34.05,74.4,0.0
2022-06-25,June,Summer,Gulmarg,JK,Baramulla,16.4,12.9,19.9,4.2,1010.7,2652,34.05,74.4,0.0
2022-06-26,June,Summer,Gulmarg,JK,Baramulla,16.6,13.2,20.4,3.7,1014.8,2652,34.05,74.4,1.1
2022-06-27,June,Summer,Gulmarg,JK,Baramulla,17.0,10.7,20.8,4.0,1017.1,2652,34.05,74.4,1.0
2022-06-28,June,Summer,Gulmarg,JK,Baramulla,17.8,12.0,21.9,3.9,1012.3,2652,34.05,74.4,0.6
2022-06-29,June,Summer,Gulmarg,JK,Baramulla,17.6,12.5,22.5,3.7,1006.3,2652,34.05,74.4,0.1
2022-06-30,June,Summer,Gulmarg,JK,Baramulla,18.9,14.1,23.0,3.7,1006.4,2652,34.05,74.4,1.2
2022-07-01,July,Monsoon,Gulmarg,JK,Baramulla,18.8,15.9,21.9,3.8,1008.1,2652,34.05,74.4,1.1
2022-07-02,July,Monsoon,Gulmarg,JK,Baramulla,18.6,15.6,21.9,3.7,1007.0,2652,34.05,74.4,0.6
2022-07-03,July,Monsoon,Gulmarg,JK,Baramulla,18.5,16.2,22.0,2.6,1010.2,2652,34.05,74.4,5.3
2022-07-04,July,Monsoon,Gulmarg,JK,Baramulla,18.7,16.4,21.8,2.9,1010.7,2652,34.05,74.4,2.9
2022-07-05,July,Monsoon,Gulmarg,JK,Baramulla,17.3,15.3,19.5,2.3,1012.1,2652,34.05,74.4,16.5
2022-07-06,July,Monsoon,Gulmarg,JK,Baramulla,16.7,14.3,18.8,2.0,1016.4,2652,34.05,74.4,7.7
2022-07-07,July,Monsoon,Gulmarg,JK,Baramulla,17.0,13.1,19.8,2.5,1018.7,2652,34.05,74.4,3.8
2022-07-08,July,Monsoon,Gulmarg,JK,Baramulla,17.4,13.8,20.5,2.8,1013.9,2652,34.05,74.4,3.4
2022-07-09,July,Monsoon,Gulmarg,JK,Baramulla,16.8,14.6,19.8,2.4,1008.9,2652,34.05,74.4,4.1
2022-07-10,July,Monsoon,Gulmarg,JK,Baramulla,15.8,13.8,18.7,2.1,1009.7,2652,34.05,74.4,6.0
2022-07-11,July,Monsoon,Gulmarg,JK,Baramulla,15.6,13.0,18.1,2.0,1013.4,2652,34.05,74.4,1.4
2022-07-12,July,Monsoon,Gulmarg,JK,Baramulla,15.2,10.8,19.3,1.6,1013.1,2652,34.05,74.4,1.3
2022-07-13,July,Monsoon,Gulmarg,JK,Baramulla,14.2,10.9,17.9,1.7,1009.5,2652,34.05,74.4,3.5
2022-07-14,July,Monsoon,Gulmarg,JK,Baramulla,13.6,10.3,16.0,2.4,1009.9,2652,34.05,74.4,11.8
2022-07-15,July,Monsoon,Gulmarg,JK,Baramulla,14.1,12.3,16.4,2.0,1017.2,2652,34.05,74.4,9.6
2022-07-16,July,Monsoon,Gulmarg,JK,Baramulla,14.6,12.3,17.6,2.4,1017.4,2652,34.05,74.4,9.7
2022-07-17,July,Monsoon,Gulmarg,JK,Baramulla,16.3,13.3,19.8,2.4,1017.7,2652,34.05,74.4,11.6
2022-07-18,July,Monsoon,Gulmarg,JK,Baramulla,17.5,13.4,21.0,3.2,1016.0,2652,34.05,74.4,0.5
2022-07-19,July,Monsoon,Gulmarg,JK,Baramulla,17.5,12.7,21.0,2.5,1013.4,2652,34.05,74.4,1.3
2022-07-20,July,Monsoon,Gulmarg,JK,Baramulla,17.5,13.6,20.0,3.5,1008.5,2652,34.05,74.4,2.1
2022-07-21,July,Monsoon,Gulmarg,JK,Baramulla,17.0,14.7,19.6,3.5,1009.7,2652,34.05,74.4,4.9
2022-07-22,July,Monsoon,Gulmarg,JK,Baramulla,16.7,14.8,18.8,3.5,1016.1,2652,34.05,74.4,4.8
2022-07-23,July,Monsoon,Gulmarg,JK,Baramulla,16.5,15.2,18.0,2.5,1015.4,2652,34.05,74.4,10.3
2022-07-24,July,Monsoon,Gulmarg,JK,Baramulla,16.3,14.9,18.1,1.9,1016.0,2652,34.05,74.4,19.3
2022-07-25,July,Monsoon,Gulmarg,JK,Baramulla,15.8,13.1,18.4,2.4,1017.7,2652,34.05,74.4,9.4
2022-07-26,July,Monsoon,Gulmarg,JK,Baramulla,16.4,14.1,18.9,2.2,1019.5,2652,34.05,74.4,7.5
2022-07-27,July,Monsoon,Gulmarg,JK,Baramulla,16.4,14.7,18.2,2.1,1018.3,2652,34.05,74.4,12.3
2022-07-28,July,Monsoon,Gulmarg,JK,Baramulla,15.8,14.8,17.7,2.0,1017.6,2652,34.05,74.4,18.8
2022-07-29,July,Monsoon,Gulmarg,JK,Baramulla,15.6,14.0,18.1,1.8,1015.9,2652,34.05,74.4,18.8
2022-07-30,July,Monsoon,Gulmarg,JK,Baramulla,16.2,13.8,19.0,1.6,1013.4,2652,34.05,74.4,1.8
2022-07-31,July,Monsoon,Gulmarg,JK,Baramulla,15.1,13.0,18.0,2.4,1008.6,2652,34.05,74.4,7.5
2022-08-01,August,Monsoon,Gulmarg,JK,Baramulla,13.7,11.1,16.7,2.4,1010.0,2652,34.05,74.4,9.1
2022-08-02,August,Monsoon,Gulmarg,JK,Baramulla,14.7,9.5,18.8,2.2,1011.4,2652,34.05,74.4,0.1
2022-08-03,August,Monsoon,Gulmarg,JK,Baramulla,15.0,10.1,19.4,2.3,1014.5,2652,34.05,74.4,1.5
2022-08-04,August,Monsoon,Gulmarg,JK,Baramulla,16.0,11.2,20.1,3.2,1014.9,2652,34.05,74.4,1.4
2022-08-05,August,Monsoon,Gulmarg,JK,Baramulla,15.8,12.6,18.4,3.3,1012.7,2652,34.05,74.4,1.5
2022-08-06,August,Monsoon,Gulmarg,JK,Baramulla,16.0,13.0,19.1,2.8,1009.9,2652,34.05,74.4,4.6
2022-08-07,August,Monsoon,Gulmarg,JK,Baramulla,16.7,13.4,20.1,2.6,1008.6,2652,34.05,74.4,3.7
2022-08-08,August,Monsoon,Gulmarg,JK,Baramulla,16.5,13.9,18.9,3.0,1011.8,2652,34.05,74.4,9.1
2022-08-09,August,Monsoon,Gulmarg,JK,Baramulla,16.6,14.0,19.8,2.2,1014.0,2652,34.05,74.4,6.8
2022-08-10,August,Monsoon,Gulmarg,JK,Baramulla,17.3,12.6,21.8,2.9,1012.9,2652,34.05,74.4,3.0
2022-08-11,August,Monsoon,Gulmarg,JK,Baramulla,17.1,15.3,19.7,2.3,1011.8,2652,34.05,74.4,1.6
2022-08-12,August,Monsoon,Gulmarg,JK,Baramulla,15.7,12.6,18.1,2.5,1014.6,2652,34.05,74.4,7.9
2022-08-13,August,Monsoon,Gulmarg,JK,Baramulla,17.7,14.4,21.2,3.4,1014.2,2652,34.05,74.4,1.6
2022-08-14,August,Monsoon,Gulmarg,JK,Baramulla,17.6,15.0,20.5,3.0,1015.6,2652,34.05,74.4,2.9
2022-08-15,August,Monsoon,Gulmarg,JK,Baramulla,16.0,14.5,18.6,2.0,1018.1,2652,34.05,74.4,9.5
2022-08-16,August,Monsoon,Gulmarg,JK,Baramulla,15.2,13.2,17.7,2.1,1018.6,2652,34.05,74.4,35.6
2022-08-17,August,Monsoon,Gulmarg,JK,Baramulla,14.8,12.5,16.9,2.4,1017.8,2652,34.05,74.4,11.4
2022-08-18,August,Monsoon,Gulmarg,JK,Baramulla,16.1,13.0,19.5,3.2,1015.0,2652,34.05,74.4,4.7
2022-08-19,August,Monsoon,Gulmarg,JK,Baramulla,17.2,13.8,20.2,2.8,1014.0,2652,34.05,74.4,2.1
2022-08-20,August,Monsoon,Gulmarg,JK,Baramulla,16.1,12.5,20.2,2.4,1014.4,2652,34.05,74.4,2.7
2022-08-21,August,Monsoon,Gulmarg,JK,Baramulla,15.1,11.1,18.7,2.0,1015.5,2652,34.05,74.4,2.3
2022-08-22,August,Monsoon,Gulmarg,JK,Baramulla,15.4,10.2,19.4,2.7,1012.4,2652,34.05,74.4,0.4
2022-08-23,August,Monsoon,Gulmarg,JK,Baramulla,15.4,11.3,18.7,2.6,1016.9,2652,34.05,74.4,6.5
2022-08-24,August,Monsoon,Gulmarg,JK,Baramulla,14.8,11.3,18.6,2.4,1017.6,2652,34.05,74.4,11.9
2022-08-25,August,Monsoon,Gulmarg,JK,Baramulla,14.1,12.3,16.2,1.6,1020.5,2652,34.05,74.4,8.3
2022-08-26,August,Monsoon,Gulmarg,JK,Baramulla,14.4,11.4,17.2,2.0,1018.1,2652,34.05,74.4,4.9
2022-08-27,August,Monsoon,Gulmarg,JK,Baramulla,15.1,10.9,18.7,1.8,1015.5,2652,34.05,74.4,4.5
2022-08-28,August,Monsoon,Gulmarg,JK,Baramulla,14.0,10.4,17.8,1.8,1014.7,2652,34.05,74.4,4.1
2022-08-29,August,Monsoon,Gulmarg,JK,Baramulla,13.7,9.9,17.2,1.7,1017.5,2652,34.05,74.4,0.7
2022-08-30,August,Monsoon,Gulmarg,JK,Baramulla,14.3,8.9,18.5,2.5,1017.4,2652,34.05,74.4,0.0
2022-08-31,August,Monsoon,Gulmarg,JK,Baramulla,14.5,10.0,19.0,2.9,1019.5,2652,34.05,74.4,0.5
2022-09-01,September,Monsoon,Gulmarg,JK,Baramulla,14.9,10.0,18.4,3.0,1014.7,2652,34.05,74.4,0.5
2022-09-02,September,Monsoon,Gulmarg,JK,Baramulla,14.9,9.7,19.0,3.3,1020.9,2652,34.05,74.4,1.4
2022-09-03,September,Monsoon,Gulmarg,JK,Baramulla,15.4,10.8,19.0,3.6,1013.6,2652,34.05,74.4,2.3
2022-09-04,September,Monsoon,Gulmarg,JK,Baramulla,14.2,10.9,17.9,2.8,1012.8,2652,34.05,74.4,7.0
2022-09-05,September,Monsoon,Gulmarg,JK,Baramulla,12.8,10.7,15.6,2.0,1016.0,2652,34.05,74.4,9.3
2022-09-06,September,Monsoon,Gulmarg,JK,Baramulla,13.1,8.4,16.7,2.7,1018.5,2652,34.05,74.4,1.3
2022-09-07,September,Monsoon,Gulmarg,JK,Baramulla,14.3,9.4,18.4,3.0,1018.6,2652,34.05,74.4,4.3
2022-09-08,September,Monsoon,Gulmarg,JK,Baramulla,15.9,13.1,19.2,3.8,1017.8,2652,34.05,74.4,0.7
2022-09-09,September,Monsoon,Gulmarg,JK,Baramulla,15.9,13.7,18.8,3.4,1019.8,2652,34.05,74.4,2.9
2022-09-10,September,Monsoon,Gulmarg,JK,Baramulla,14.3,10.2,17.8,2.4,1021.6,2652,34.05,74.4,1.5
2022-09-11,September,Monsoon,Gulmarg,JK,Baramulla,12.3,9.2,15.8,2.5,1017.0,2652,34.05,74.4,6.5
2022-09-12,September,Monsoon,Gulmarg,JK,Baramulla,12.3,8.8,15.8,2.7,1016.0,2652,34.05,74.4,3.7
2022-09-13,September,Monsoon,Gulmarg,JK,Baramulla,13.3,8.2,17.0,2.9,1016.4,2652,34.05,74.4,0.3
2022-09-14,September,Monsoon,Gulmarg,JK,Baramulla,13.9,10.3,17.5,3.6,1016.3,2652,34.05,74.4,0.5
2022-09-15,September,Monsoon,Gulmarg,JK,Baramulla,14.2,9.9,18.0,4.4,1008.3,2652,34.05,74.4,1.1
2022-09-16,September,Monsoon,Gulmarg,JK,Baramulla,14.4,11.8,17.8,4.2,1007.1,2652,34.05,74.4,3.3
2022-09-17,September,Monsoon,Gulmarg,JK,Baramulla,12.2,9.2,15.5,2.7,1010.8,2652,34.05,74.4,0.8
2022-09-18,September,Monsoon,Gulmarg,JK,Baramulla,13.2,9.6,16.8,5.0,1017.4,2652,34.05,74.4,0.2
2022-09-19,September,Monsoon,Gulmarg,JK,Baramulla,14.6,11.6,18.6,3.6,1018.8,2652,34.05,74.4,0.7
2022-09-20,September,Monsoon,Gulmarg,JK,Baramulla,14.3,10.6,17.2,3.0,1017.8,2652,34.05,74.4,0.2
2022-09-21,September,Monsoon,Gulmarg,JK,Baramulla,12.7,8.0,17.0,2.8,1018.0,2652,34.05,74.4,2.6
2022-09-22,September,Monsoon,Gulmarg,JK,Baramulla,13.2,8.8,17.4,3.5,1018.0,2652,34.05,74.4,0.7
2022-09-23,September,Monsoon,Gulmarg,JK,Baramulla,13.6,11.1,17.0,3.1,1016.6,2652,34.05,74.4,2.2
2022-09-24,September,Monsoon,Gulmarg,JK,Baramulla,12.1,7.9,15.8,2.0,1013.6,2652,34.05,74.4,1.8
2022-09-25,September,Monsoon,Gulmarg,JK,Baramulla,10.5,7.3,14.0,2.2,1010.6,2652,34.05,74.4,4.3
2022-09-26,September,Monsoon,Gulmarg,JK,Baramulla,10.7,5.1,14.9,3.6,1019.6,2652,34.05,74.4,0.9
2022-09-27,September,Monsoon,Gulmarg,JK,Baramulla,13.1,11.0,16.6,3.0,1017.3,2652,34.05,74.4,0.7
2022-09-28,September,Monsoon,Gulmarg,JK,Baramulla,11.9,6.9,15.7,2.4,1017.1,2652,34.05,74.4,2.8
2022-09-29,September,Monsoon,Gulmarg,JK,Baramulla,12.1,9.7,15.4,2.8,1018.7,2652,34.05,74.4,0.3
2022-09-30,September,Monsoon,Gulmarg,JK,Baramulla,12.6,10.4,15.6,3.1,1019.1,2652,34.05,74.4,0.5
2022-10-01,October,Post-monsoon,Gulmarg,JK,Baramulla,11.3,6.4,14.6,2.7,1017.3,2652,34.05,74.4,0.6
2022-10-02,October,Post-monsoon,Gulmarg,JK,Baramulla,9.9,5.7,13.4,2.6,1019.5,2652,34.05,74.4,0.7
2022-10-03,October,Post-monsoon,Gulmarg,JK,Baramulla,11.0,7.5,14.8,2.7,1021.5,2652,34.05,74.4,0.0
2022-10-04,October,Post-monsoon,Gulmarg,JK,Baramulla,11.7,8.2,15.4,3.1,1021.6,2652,34.05,74.4,0.0
2022-10-05,October,Post-monsoon,Gulmarg,JK,Baramulla,11.5,7.6,15.4,2.9,1021.6,2652,34.05,74.4,0.0
2022-10-06,October,Post-monsoon,Gulmarg,JK,Baramulla,10.1,6.5,14.2,3.4,1020.1,2652,34.05,74.4,0.4
2022-10-07,October,Post-monsoon,Gulmarg,JK,Baramulla,9.5,5.8,13.7,3.8,1021.7,2652,34.05,74.4,1.0
2022-10-08,October,Post-monsoon,Gulmarg,JK,Baramulla,10.4,4.9,14.3,5.3,1022.6,2652,34.05,74.4,0.0
2022-10-09,October,Post-monsoon,Gulmarg,JK,Baramulla,11.0,6.3,14.8,3.0,1019.8,2652,34.05,74.4,0.6
2022-10-10,October,Post-monsoon,Gulmarg,JK,Baramulla,8.6,4.7,12.2,2.4,1022.6,2652,34.05,74.4,4.9
2022-10-11,October,Post-monsoon,Gulmarg,JK,Baramulla,7.1,3.8,10.8,2.7,1019.0,2652,34.05,74.4,2.8
2022-10-12,October,Post-monsoon,Gulmarg,JK,Baramulla,6.2,2.2,10.8,2.4,1022.9,2652,34.05,74.4,1.3
2022-10-13,October,Post-monsoon,Gulmarg,JK,Baramulla,6.7,1.8,10.1,2.9,1022.2,2652,34.05,74.4,0.7
2022-10-14,October,Post-monsoon,Gulmarg,JK,Baramulla,8.1,2.2,12.4,3.8,1022.7,2652,34.05,74.4,1.2
2022-10-15,October,Post-monsoon,Gulmarg,JK,Baramulla,10.3,7.9,13.8,3.6,1023.4,2652,34.05,74.4,0.0
2022-10-16,October,Post-monsoon,Gulmarg,JK,Baramulla,10.3,5.7,14.2,3.5,1023.3,2652,34.05,74.4,0.0
2022-10-17,October,Post-monsoon,Gulmarg,JK,Baramulla,10.4,7.6,13.6,2.5,1023.6,2652,34.05,74.4,0.3
2022-10-18,October,Post-monsoon,Gulmarg,JK,Baramulla,6.0,2.8,9.5,3.0,1022.8,2652,34.05,74.4,4.8
2022-10-19,October,Post-monsoon,Gulmarg,JK,Baramulla,5.4,3.2,8.2,2.8,1020.6,2652,34.05,74.4,2.0
2022-10-20,October,Post-monsoon,Gulmarg,JK,Baramulla,2.7,0.0,4.8,2.4,1021.7,2652,34.05,74.4,10.2
2022-10-21,October,Post-monsoon,Gulmarg,JK,Baramulla,2.8,0.0,5.1,3.8,1029.3,2652,34.05,74.4,0.0
2022-10-22,October,Post-monsoon,Gulmarg,JK,Baramulla,5.0,0.0,8.0,3.1,1030.0,2652,34.05,74.4,0.0
2022-10-23,October,Post-monsoon,Gulmarg,JK,Baramulla,6.8,4.7,9.4,2.9,1026.2,2652,34.05,74.4,0.0
2022-10-24,October,Post-monsoon,Gulmarg,JK,Baramulla,7.3,5.0,10.3,2.7,1022.5,2652,34.05,74.4,0.5
2022-10-25,October,Post-monsoon,Gulmarg,JK,Baramulla,7.1,3.6,9.9,3.4,1017.5,2652,34.05,74.4,0.8
2022-10-26,October,Post-monsoon,Gulmarg,JK,Baramulla,7.1,4.5,10.5,2.5,1023.7,2652,34.05,74.4,0.0
2022-10-27,October,Post-monsoon,Gulmarg,JK,Baramulla,7.1,4.0,10.1,3.8,1024.4,2652,34.05,74.4,0.4
2022-10-28,October,Post-monsoon,Gulmarg,JK,Baramulla,7.4,5.2,10.6,2.7,1023.7,2652,34.05,74.4,0.0
2022-10-29,October,Post-monsoon,Gulmarg,JK,Baramulla,8.2,6.2,11.4,2.4,1024.9,2652,34.05,74.4,0.0
2022-10-30,October,Post-monsoon,Gulmarg,JK,Baramulla,8.4,6.7,11.4,2.4,1025.4,2652,34.05,74.4,0.0
2022-10-31,October,Post-monsoon,Gulmarg,JK,Baramulla,6.9,4.0,10.3,2.7,1025.0,2652,34.05,74.4,12.9
2022-11-01,November,Post-monsoon,Gulmarg,JK,Baramulla,3.7,-0.1,5.3,1.8,1026.3,2652,34.05,74.4,0.7
2022-11-02,November,Post-monsoon,Gulmarg,JK,Baramulla,4.7,3.1,7.2,2.4,1026.2,2652,34.05,74.4,0.1
2022-11-03,November,Post-monsoon,Gulmarg,JK,Baramulla,6.9,4.8,10.3,2.4,1023.1,2652,34.05,74.4,0.1
2022-11-04,November,Post-monsoon,Gulmarg,JK,Baramulla,7.8,5.2,11.0,2.5,1025.5,2652,34.05,74.4,0.0
2022-11-05,November,Post-monsoon,Gulmarg,JK,Baramulla,6.2,3.9,8.1,2.7,1027.0,2652,34.05,74.4,2.5
2022-11-06,November,Post-monsoon,Gulmarg,JK,Baramulla,2.8,0.8,4.8,2.6,1025.9,2652,34.05,74.4,9.5
2022-11-07,November,Post-monsoon,Gulmarg,JK,Baramulla,1.6,-0.6,2.7,2.6,1023.6,2652,34.05,74.4,18.4
2022-11-08,November,Post-monsoon,Gulmarg,JK,Baramulla,1.0,-1.3,3.4,2.5,1025.7,2652,34.05,74.4,0.4
2022-11-09,November,Post-monsoon,Gulmarg,JK,Baramulla,0.1,-4.6,2.4,3.6,1021.3,2652,34.05,74.4,0.9
2022-11-10,November,Post-monsoon,Gulmarg,JK,Baramulla,-1.4,-7.0,2.3,3.0,1025.0,2652,34.05,74.4,0.0
2022-11-11,November,Post-monsoon,Gulmarg,JK,Baramulla,-0.9,-6.3,2.7,2.8,1025.2,2652,34.05,74.4,0.0
2022-11-12,November,Post-monsoon,Gulmarg,JK,Baramulla,-0.5,-6.2,3.1,2.8,1023.1,2652,34.05,74.4,0.0
2022-11-13,November,Post-monsoon,Gulmarg,JK,Baramulla,0.3,-1.5,2.9,2.9,1020.9,2652,34.05,74.4,8.3
2022-11-14,November,Post-monsoon,Gulmarg,JK,Baramulla,-1.0,-6.5,0.9,2.9,1016.5,2652,34.05,74.4,33.4
2022-11-15,November,Post-monsoon,Gulmarg,JK,Baramulla,-0.9,-5.9,1.0,2.3,1022.1,2652,34.05,74.4,0.0
2022-11-16,November,Post-monsoon,Gulmarg,JK,Baramulla,-2.5,-8.2,0.6,2.2,1016.2,2652,34.05,74.4,0.0
2022-11-17,November,Post-monsoon,Gulmarg,JK,Baramulla,-0.5,-6.4,1.6,3.0,1019.3,2652,34.05,74.4,0.0
2022-11-18,November,Post-monsoon,Gulmarg,JK,Baramulla,2.6,-0.6,4.4,2.7,1019.4,2652,34.05,74.4,0.0
2022-11-19,November,Post-monsoon,Gulmarg,JK,Baramulla,0.4,-2.0,3.4,2.9,1021.3,2652,34.05,74.4,3.2
2022-11-20,November,Post-monsoon,Gulmarg,JK,Baramulla,-0.4,-2.1,1.4,2.5,1022.3,2652,34.05,74.4,0.0
2022-11-21,November,Post-monsoon,Gulmarg,JK,Baramulla,0.1,-2.5,2.1,2.0,1021.2,2652,34.05,74.4,0.0
2022-11-22,November,Post-monsoon,Gulmarg,JK,Baramulla,0.5,-1.6,4.0,2.8,1020.7,2652,34.05,74.4,0.0
2022-11-23,November,Post-monsoon,Gulmarg,JK,Baramulla,1.8,-1.6,3.6,2.8,1023.5,2652,34.05,74.4,0.0
2022-11-24,November,Post-monsoon,Gulmarg,JK,Baramulla,4.4,0.0,6.2,2.5,1023.0,2652,34.05,74.4,0.0
2022-11-25,November,Post-monsoon,Gulmarg,JK,Baramulla,5.1,2.0,7.1,2.4,1026.2,2652,34.05,74.4,0.0
2022-11-26,November,Post-monsoon,Gulmarg,JK,Baramulla,5.3,2.0,7.5,2.8,1020.4,2652,34.05,74.4,0.0
2022-11-27,November,Post-monsoon,Gulmarg,JK,Baramulla,4.4,0.4,6.7,2.4,1016.2,2652,34.05,74.4,0.0
2022-11-28,November,Post-monsoon,Gulmarg,JK,Baramulla,4.0,0.2,6.0,2.5,1018.9,2652,34.05,74.4,0.0
2022-11-29,November,Post-monsoon,Gulmarg,JK,Baramulla,3.7,0.8,6.0,2.3,1021.8,2652,34.05,74.4,0.0
2022-11-30,November,Post-monsoon,Gulmarg,JK,Baramulla,3.8,1.8,5.8,2.9,1023.7,2652,34.05,74.4,0.0
2022-12-01,December,Winter,Gulmarg,JK,Baramulla,3.8,0.8,6.0,2.6,1022.2,2652,34.05,74.4,0.0
2022-12-02,December,Winter,Gulmarg,JK,Baramulla,2.7,-0.1,5.1,3.9,1017.6,2652,34.05,74.4,0.0
2022-12-03,December,Winter,Gulmarg,JK,Baramulla,0.1,-6.8,3.4,3.2,1019.6,2652,34.05,74.4,0.0
2022-12-04,December,Winter,Gulmarg,JK,Baramulla,0.6,-1.9,3.2,2.9,1022.0,2652,34.05,74.4,0.0
2022-12-05,December,Winter,Gulmarg,JK,Baramulla,-0.2,-4.8,2.9,3.4,1022.0,2652,34.05,74.4,0.0
2022-12-06,December,Winter,Gulmarg,JK,Baramulla,-0.2,-2.3,2.8,3.1,1020.3,2652,34.05,74.4,0.0
2022-12-07,December,Winter,Gulmarg,JK,Baramulla,0.9,-2.0,3.6,2.5,1019.5,2652,34.05,74.4,0.0
2022-12-08,December,Winter,Gulmarg,JK,Baramulla,1.0,-1.1,3.8,3.7,1019.6,2652,34.05,74.4,10.7
2022-12-09,December,Winter,Gulmarg,JK,Baramulla,-0.8,-3.6,1.2,4.2,1018.3,2652,34.05,74.4,3.2
2022-12-10,December,Winter,Gulmarg,JK,Baramulla,-3.1,-7.5,0.5,4.2,1021.4,2652,34.05,74.4,2.7
2022-12-11,December,Winter,Gulmarg,JK,Baramulla,-3.2,-7.3,1.1,3.9,1023.0,2652,34.05,74.4,0.0
2022-12-12,December,Winter,Gulmarg,JK,Baramulla,-2.6,-7.4,1.6,4.7,1018.8,2652,34.05,74.4,0.0
2022-12-13,December,Winter,Gulmarg,JK,Baramulla,-2.3,-6.0,0.9,3.6,1022.0,2652,34.05,74.4,0.0
2022-12-14,December,Winter,Gulmarg,JK,Baramulla,1.8,-3.0,4.0,2.0,1020.7,2652,34.05,74.4,0.0
2022-12-15,December,Winter,Gulmarg,JK,Baramulla,2.7,-1.4,4.1,2.2,1020.1,2652,34.05,74.4,0.0
2022-12-16,December,Winter,Gulmarg,JK,Baramulla,3.2,1.6,4.6,2.2,1018.6,2652,34.05,74.4,0.0
2022-12-17,December,Winter,Gulmarg,JK,Baramulla,2.9,0.0,4.7,2.1,1021.4,2652,34.05,74.4,0.0
2022-12-18,December,Winter,Gulmarg,JK,Baramulla,2.6,-0.2,4.8,3.2,1021.2,2652,34.05,74.4,0.0
2022-12-19,December,Winter,Gulmarg,JK,Baramulla,-0.5,-5.7,3.1,3.7,1017.1,2652,34.05,74.4,0.0
2022-12-20,December,Winter,Gulmarg,JK,Baramulla,-2.1,-6.6,1.8,3.5,1014.7,2652,34.05,74.4,0.0
2022-12-21,December,Winter,Gulmarg,JK,Baramulla,-1.7,-3.7,1.5,3.0,1016.7,2652,34.05,74.4,0.0
2022-12-22,December,Winter,Gulmarg,JK,Baramulla,-1.3,-3.5,1.3,5.7,1016.0,2652,34.05,74.4,0.0
2022-12-23,December,Winter,Gulmarg,JK,Baramulla,-1.3,-4.2,1.2,3.1,1010.5,2652,34.05,74.4,0.0
2022-12-24,December,Winter,Gulmarg,JK,Baramulla,-2.9,-4.6,-0.3,2.4,1016.4,2652,34.05,74.4,0.0
2022-12-25,December,Winter,Gulmarg,JK,Baramulla,-3.1,-4.9,0.0,2.5,1018.6,2652,34.05,74.4,0.0
2022-12-26,December,Winter,Gulmarg,JK,Baramulla,-3.6,-9.0,0.0,3.0,1022.5,2652,34.05,74.4,0.0
2022-12-27,December,Winter,Gulmarg,JK,Baramulla,-3.3,-6.4,0.2,3.7,1021.8,2652,34.05,74.4,0.0
2022-12-28,December,Winter,Gulmarg,JK,Baramulla,-3.1,-8.1,1.6,4.3,1018.6,2652,34.05,74.4,0.0
2022-12-29,December,Winter,Gulmarg,JK,Baramulla,-3.6,-7.0,0.6,4.2,1017.3,2652,34.05,74.4,11.8
2022-12-30,December,Winter,Gulmarg,JK,Baramulla,-4.0,-6.9,-2.6,3.4,1022.2,2652,34.05,74.4,2.8
2022-12-31,December,Winter,Gulmarg,JK,Baramulla,-3.0,-6.4,-1.1,4.1,1021.0,2652,34.05,74.4,0.0
2023-01-01,January,Winter,Gulmarg,JK,Baramulla,-3.2,-7.4,-1.3,3.6,1019.2,2652,34.05,74.4,0.0
2023-01-02,January,Winter,Gulmarg,JK,Baramulla,-4.5,-8.8,-2.4,3.1,1021.1,2652,34.05,74.4,0.0
2023-01-03,January,Winter,Gulmarg,JK,Baramulla,-5.5,-7.4,-2.6,3.4,1025.3,2652,34.05,74.4,0.0
2023-01-04,January,Winter,Gulmarg,JK,Baramulla,-3.3,-6.4,-1.7,2.7,1026.2,2652,34.05,74.4,0.0
2023-01-05,January,Winter,Gulmarg,JK,Baramulla,-1.3,-5.6,0.4,2.2,1029.5,2652,34.05,74.4,0.0
2023-01-06,January,Winter,Gulmarg,JK,Baramulla,0.3,-4.0,2.1,2.6,1029.2,2652,34.05,74.4,0.0
2023-01-07,January,Winter,Gulmarg,JK,Baramulla,-0.1,-2.7,2.4,2.4,1028.2,2652,34.05,74.4,2.5
2023-01-08,January,Winter,Gulmarg,JK,Baramulla,-0.7,-2.2,1.0,3.2,1023.8,2652,34.05,74.4,7.8
2023-01-09,January,Winter,Gulmarg,JK,Baramulla,-0.9,-3.4,1.4,3.6,1023.7,2652,34.05,74.4,0.2
2023-01-10,January,Winter,Gulmarg,JK,Baramulla,-0.9,-3.0,2.4,3.5,1024.2,2652,34.05,74.4,0.0
2023-01-11,January,Winter,Gulmarg,JK,Baramulla,-3.2,-4.5,-1.9,8.0,1012.5,2652,34.05,74.4,24.8
2023-01-12,January,Winter,Gulmarg,JK,Baramulla,-4.5,-7.5,-2.8,8.0,1006.0,2652,34.05,74.4,3.8
2023-01-13,January,Winter,Gulmarg,JK,Baramulla,-5.8,-8.9,-4.4,8.6,1016.8,2652,34.05,74.4,3.9
2023-01-14,January,Winter,Gulmarg,JK,Baramulla,-9.2,-15.8,-5.6,6.5,1014.1,2652,34.05,74.4,0.1
2023-01-15,January,Winter,Gulmarg,JK,Baramulla,-7.6,-9.5,-4.1,6.8,1013.7,2652,34.05,74.4,0.0
2023-01-16,January,Winter,Gulmarg,JK,Baramulla,-7.5,-10.0,-5.0,6.5,1016.8,2652,34.05,74.4,0.0
2023-01-17,January,Winter,Gulmarg,JK,Baramulla,-6.7,-9.4,-4.3,6.1,1014.0,2652,34.05,74.4,0.0
2023-01-18,January,Winter,Gulmarg,JK,Baramulla,-5.7,-9.4,-3.1,6.1,1018.1,2652,34.05,74.4,0.2
2023-01-19,January,Winter,Gulmarg,JK,Baramulla,-6.9,-8.7,-4.0,4.9,1019.8,2652,34.05,74.4,1.4
2023-01-20,January,Winter,Gulmarg,JK,Baramulla,-5.7,-8.6,-3.8,4.5,1013.5,2652,34.05,74.4,1.0
2023-01-21,January,Winter,Gulmarg,JK,Baramulla,-7.9,-12.5,-4.0,5.6,1017.0,2652,34.05,74.4,0.4
2023-01-22,January,Winter,Gulmarg,JK,Baramulla,-9.0,-13.5,-4.0,6.9,1015.1,2652,34.05,74.4,0.0
2023-01-23,January,Winter,Gulmarg,JK,Baramulla,-7.9,-14.1,-2.6,6.6,1016.1,2652,34.05,74.4,0.0
2023-01-24,January,Winter,Gulmarg,JK,Baramulla,-6.2,-10.1,-2.8,6.3,1010.2,2652,34.05,74.4,1.8
2023-01-25,January,Winter,Gulmarg,JK,Baramulla,-6.2,-9.4,-3.6,6.4,1014.9,2652,34.05,74.4,3.6
2023-01-26,January,Winter,Gulmarg,JK,Baramulla,-6.2,-10.8,-2.6,6.9,1019.9,2652,34.05,74.4,0.1
2023-01-27,January,Winter,Gulmarg,JK,Baramulla,-3.9,-6.4,-1.0,7.4,1021.0,2652,34.05,74.4,0.0
2023-01-28,January,Winter,Gulmarg,JK,Baramulla,-2.1,-6.6,0.0,6.4,1018.5,2652,34.05,74.4,0.6
2023-01-29,January,Winter,Gulmarg,JK,Baramulla,-2.0,-6.0,1.2,5.2,1010.6,2652,34.05,74.4,3.7
2023-01-30,January,Winter,Gulmarg,JK,Baramulla,-4.0,-7.4,-2.1,6.9,1013.8,2652,34.05,74.4,36.1
2023-01-31,January,Winter,Gulmarg,JK,Baramulla,-5.5,-10.7,-2.2,5.8,1022.2,2652,34.05,74.4,0.5
2023-02-01,February,Winter,Gulmarg,JK,Baramulla,-1.9,-6.6,0.8,6.1,1022.7,2652,34.05,74.4,0.0
2023-02-02,February,Winter,Gulmarg,JK,Baramulla,-1.0,-5.6,0.7,5.1,1021.3,2652,34.05,74.4,0.0
2023-02-03,February,Winter,Gulmarg,JK,Baramulla,-1.4,-3.6,1.6,5.7,1021.1,2652,34.05,74.4,4.9
2023-02-04,February,Winter,Gulmarg,JK,Baramulla,-1.4,-4.4,1.0,5.6,1016.7,2652,34.05,74.4,0.2
2023-02-05,February,Winter,Gulmarg,JK,Baramulla,-1.9,-6.1,1.5,6.2,1012.9,2652,34.05,74.4,0.0
2023-02-06,February,Winter,Gulmarg,JK,Baramulla,-3.9,-9.9,-0.2,7.9,1013.7,2652,34.05,74.4,9.4
2023-02-07,February,Winter,Gulmarg,JK,Baramulla,-3.3,-8.7,-0.8,6.0,1013.7,2652,34.05,74.4,0.0
2023-02-08,February,Winter,Gulmarg,JK,Baramulla,-3.1,-6.0,0.0,6.2,1015.5,2652,34.05,74.4,3.2
2023-02-09,February,Winter,Gulmarg,JK,Baramulla,-4.3,-10.3,-2.4,8.4,1011.1,2652,34.05,74.4,26.1
2023-02-10,February,Winter,Gulmarg,JK,Baramulla,-4.1,-6.5,-2.0,12.9,1008.3,2652,34.05,74.4,13.2
2023-02-11,February,Winter,Gulmarg,JK,Baramulla,-7.3,-10.2,-4.8,8.4,1015.3,2652,34.05,74.4,1.5
2023-02-12,February,Winter,Gulmarg,JK,Baramulla,-8.8,-13.3,-5.0,6.8,1021.5,2652,34.05,74.4,0.0
2023-02-13,February,Winter,Gulmarg,JK,Baramulla,-0.9,-9.0,2.9,7.3,1018.5,2652,34.05,74.4,0.0
2023-02-14,February,Winter,Gulmarg,JK,Baramulla,1.6,-5.2,4.1,5.9,1021.1,2652,34.05,74.4,0.0
2023-02-15,February,Winter,Gulmarg,JK,Baramulla,3.1,-1.4,5.4,5.6,1022.9,2652,34.05,74.4,0.0
2023-02-16,February,Winter,Gulmarg,JK,Baramulla,4.7,0.6,7.3,5.3,1025.6,2652,34.05,74.4,0.0
2023-02-17,February,Winter,Gulmarg,JK,Baramulla,5.5,2.2,8.2,5.4,1027.8,2652,34.05,74.4,0.0
2023-02-18,February,Winter,Gulmarg,JK,Baramulla,4.9,2.7,7.7,6.6,1024.5,2652,34.05,74.4,0.0
2023-02-19,February,Winter,Gulmarg,JK,Baramulla,3.0,0.7,5.2,7.1,1021.7,2652,34.05,74.4,0.4
2023-02-20,February,Winter,Gulmarg,JK,Baramulla,0.7,-1.4,2.5,7.5,1015.0,2652,34.05,74.4,6.5
2023-02-21,February,Winter,Gulmarg,JK,Baramulla,-0.8,-5.3,2.1,4.7,1018.5,2652,34.05,74.4,0.0
2023-02-22,February,Winter,Gulmarg,JK,Baramulla,-0.5,-2.5,2.0,5.5,1018.6,2652,34.05,74.4,0.0
2023-02-23,February,Winter,Gulmarg,JK,Baramulla,0.3,-2.2,4.8,6.0,1020.7,2652,34.05,74.4,0.0
2023-02-24,February,Winter,Gulmarg,JK,Baramulla,1.6,-0.2,5.4,5.1,1022.7,2652,34.05,74.4,0.0
2023-02-25,February,Winter,Gulmarg,JK,Baramulla,2.8,0.2,6.2,5.3,1025.3,2652,34.05,74.4,0.0
2023-02-26,February,Winter,Gulmarg,JK,Baramulla,-0.2,-2.7,2.8,5.6,1028.3,2652,34.05,74.4,4.1
2023-02-27,February,Winter,Gulmarg,JK,Baramulla,-0.5,-2.4,4.4,5.3,1027.3,2652,34.05,74.4,0.0
2023-02-28,February,Winter,Gulmarg,JK,Baramulla,-1.2,-2.3,0.1,4.3,1026.6,2652,34.05,74.4,0.8
2023-03-01,March,Winter,Gulmarg,JK,Baramulla,-0.9,-3.5,2.2,4.3,1028.0,2652,34.05,74.4,3.0
2023-03-02,March,Winter,Gulmarg,JK,Baramulla,0.2,-1.1,1.8,5.1,1027.4,2652,34.05,74.4,11.0
2023-03-03,March,Winter,Gulmarg,JK,Baramulla,0.3,-3.6,2.6,5.0,1027.6,2652,34.05,74.4,0.0
2023-03-04,March,Winter,Gulmarg,JK,Baramulla,1.5,0.2,3.2,4.7,1030.0,2652,34.05,74.4,0.1
2023-03-05,March,Winter,Gulmarg,JK,Baramulla,-0.4,-5.3,5.0,6.4,1030.1,2652,34.05,74.4,0.0
2023-03-06,March,Winter,Gulmarg,JK,Baramulla,1.7,0.2,5.2,5.1,1025.5,2652,34.05,74.4,0.0
2023-03-07,March,Winter,Gulmarg,JK,Baramulla,1.8,-3.2,6.8,5.5,1025.6,2652,34.05,74.4,0.0
2023-03-08,March,Winter,Gulmarg,JK,Baramulla,2.9,1.5,8.2,5.3,1027.5,2652,34.05,74.4,0.0
2023-03-09,March,Winter,Gulmarg,JK,Baramulla,3.7,2.2,8.8,5.0,1026.4,2652,34.05,74.4,0.0
2023-03-10,March,Winter,Gulmarg,JK,Baramulla,5.0,3.2,9.0,4.7,1025.2,2652,34.05,74.4,0.0
2023-03-11,March,Winter,Gulmarg,JK,Baramulla,5.5,3.5,10.4,5.3,1024.7,2652,34.05,74.4,0.0
2023-03-12,March,Winter,Gulmarg,JK,Baramulla,4.9,2.1,7.6,5.5,1026.6,2652,34.05,74.4,1.8
2023-03-13,March,Winter,Gulmarg,JK,Baramulla,3.3,0.1,8.0,5.3,1024.2,2652,34.05,74.4,0.0
2023-03-14,March,Winter,Gulmarg,JK,Baramulla,3.9,-0.1,10.0,5.3,1018.8,2652,34.05,74.4,0.0
2023-03-15,March,Winter,Gulmarg,JK,Baramulla,4.4,0.7,6.4,5.5,1016.0,2652,34.05,74.4,0.0
2023-03-16,March,Winter,Gulmarg,JK,Baramulla,2.8,-0.3,6.0,5.5,1017.3,2652,34.05,74.4,1.4
2023-03-17,March,Winter,Gulmarg,JK,Baramulla,1.8,1.1,4.8,4.7,1018.0,2652,34.05,74.4,13.6
2023-03-18,March,Winter,Gulmarg,JK,Baramulla,1.7,-1.1,3.8,4.8,1014.6,2652,34.05,74.4,0.1
2023-03-19,March,Winter,Gulmarg,JK,Baramulla,1.2,-2.3,3.2,4.9,1011.2,2652,34.05,74.4,5.4
2023-03-20,March,Winter,Gulmarg,JK,Baramulla,1.3,-2.3,4.8,4.9,1008.8,2652,34.05,74.4,1.2
2023-03-21,March,Winter,Gulmarg,JK,Baramulla,1.6,-2.2,4.6,4.6,1008.2,2652,34.05,74.4,0.7
2023-03-22,March,Winter,Gulmarg,JK,Baramulla,1.3,-2.5,6.0,5.3,1011.0,2652,34.05,74.4,1.6
2023-03-23,March,Winter,Gulmarg,JK,Baramulla,1.3,-3.0,5.2,5.5,1010.6,2652,34.05,74.4,0.2
2023-03-24,March,Winter,Gulmarg,JK,Baramulla,1.9,-1.6,5.3,6.2,1009.7,2652,34.05,74.4,12.1
2023-03-25,March,Winter,Gulmarg,JK,Baramulla,0.4,-0.5,1.0,4.5,1013.1,2652,34.05,74.4,19.7
2023-03-26,March,Winter,Gulmarg,JK,Baramulla,0.5,-2.3,5.0,5.0,1016.8,2652,34.05,74.4,0.0
2023-03-27,March,Winter,Gulmarg,JK,Baramulla,1.5,-3.3,5.4,5.4,1014.2,2652,34.05,74.4,0.0
2023-03-28,March,Winter,Gulmarg,JK,Baramulla,3.2,-1.2,6.2,5.6,1016.4,2652,34.05,74.4,0.5
2023-03-29,March,Winter,Gulmarg,JK,Baramulla,3.3,-0.5,5.6,4.9,1018.8,2652,34.05,74.4,0.6
2023-03-30,March,Winter,Gulmarg,JK,Baramulla,3.9,1.6,6.2,5.0,1015.9,2652,34.05,74.4,4.6
2023-03-31,March,Winter,Gulmarg,JK,Baramulla,2.9,1.6,5.6,5.0,1008.5,2652,34.05,74.4,7.6
2023-04-01,April,Summer,Gulmarg,JK,Baramulla,1.8,0.2,3.1,4.3,1008.4,2652,34.05,74.4,8.1
2023-04-02,April,Summer,Gulmarg,JK,Baramulla,1.8,-2.6,5.0,4.9,1010.0,2652,34.05,74.4,1.4
2023-04-03,April,Summer,Gulmarg,JK,Baramulla,1.6,-0.3,3.2,4.6,1007.7,2652,34.05,74.4,13.2
2023-04-04,April,Summer,Gulmarg,JK,Baramulla,0.8,-2.5,3.6,5.9,1013.1,2652,34.05,74.4,3.6
2023-04-05,April,Summer,Gulmarg,JK,Baramulla,1.6,-0.8,5.2,5.6,1016.4,2652,34.05,74.4,0.9
2023-04-06,April,Summer,Gulmarg,JK,Baramulla,1.0,-1.3,4.2,6.9,1020.7,2652,34.05,74.4,3.1
2023-04-07,April,Summer,Gulmarg,JK,Baramulla,3.4,-0.4,7.6,6.1,1026.2,2652,34.05,74.4,0.0
2023-04-08,April,Summer,Gulmarg,JK,Baramulla,5.7,3.7,11.4,5.8,1026.1,2652,34.05,74.4,0.0
2023-04-09,April,Summer,Gulmarg,JK,Baramulla,6.7,4.4,11.0,5.4,1025.9,2652,34.05,74.4,1.9
2023-04-10,April,Summer,Gulmarg,JK,Baramulla,7.2,5.3,11.6,5.9,1026.0,2652,34.05,74.4,0.0
2023-04-11,April,Summer,Gulmarg,JK,Baramulla,7.1,4.8,13.4,5.7,1026.3,2652,34.05,74.4,0.2
2023-04-12,April,Summer,Gulmarg,JK,Baramulla,7.6,5.0,10.8,8.3,1026.5,2652,34.05,74.4,0.0
2023-04-13,April,Summer,Gulmarg,JK,Baramulla,9.0,5.8,15.4,6.2,1025.5,2652,34.05,74.4,0.0
2023-04-14,April,Summer,Gulmarg,JK,Baramulla,9.5,6.9,15.8,6.1,1025.6,2652,34.05,74.4,0.0
2023-04-15,April,Summer,Gulmarg,JK,Baramulla,9.2,6.2,12.2,5.5,1024.2,2652,34.05,74.4,0.1
2023-04-16,April,Summer,Gulmarg,JK,Baramulla,6.2,3.4,8.0,6.8,1023.6,2652,34.05,74.4,3.4
2023-04-17,April,Summer,Gulmarg,JK,Baramulla,6.5,4.3,9.5,6.2,1023.0,2652,34.05,74.4,2.7
2023-04-18,April,Summer,Gulmarg,JK,Baramulla,5.1,3.2,6.3,7.9,1019.7,2652,34.05,74.4,31.2
2023-04-19,April,Summer,Gulmarg,JK,Baramulla,3.9,3.1,5.3,6.1,1012.2,2652,34.05,74.4,31.9
2023-04-20,April,Summer,Gulmarg,JK,Baramulla,3.0,0.4,6.3,6.6,1006.1,2652,34.05,74.4,3.6
2023-04-21,April,Summer,Gulmarg,JK,Baramulla,2.1,-1.8,5.2,6.0,1009.2,2652,34.05,74.4,3.6
2023-04-22,April,Summer,Gulmarg,JK,Baramulla,1.7,-2.1,4.3,6.5,1013.5,2652,34.05,74.4,1.9
2023-04-23,April,Summer,Gulmarg,JK,Baramulla,6.5,2.7,13.2,7.9,1017.4,2652,34.05,74.4,0.0
2023-04-24,April,Summer,Gulmarg,JK,Baramulla,8.5,6.5,13.0,5.5,1021.6,2652,34.05,74.4,0.0
2023-04-25,April,Summer,Gulmarg,JK,Baramulla,7.6,2.0,10.4,5.1,1023.7,2652,34.05,74.4,0.5
2023-04-26,April,Summer,Gulmarg,JK,Baramulla,6.2,2.6,9.6,5.6,1019.2,2652,34.05,74.4,9.8
2023-04-27,April,Summer,Gulmarg,JK,Baramulla,4.6,2.0,7.2,5.7,1019.2,2652,34.05,74.4,2.5
2023-04-28,April,Summer,Gulmarg,JK,Baramulla,4.7,0.2,6.6,5.9,1021.6,2652,34.05,74.4,5.0
2023-04-29,April,Summer,Gulmarg,JK,Baramulla,6.0,1.0,9.5,6.1,1017.7,2652,34.05,74.4,0.2
2023-04-30,April,Summer,Gulmarg,JK,Baramulla,7.6,2.4,10.2,5.3,1013.6,2652,34.05,74.4,0.0
2023-05-01,May,Summer,Gulmarg,JK,Baramulla,6.9,3.7,9.8,5.1,1011.3,2652,34.05,74.4,6.0
2023-05-02,May,Summer,Gulmarg,JK,Baramulla,4.7,1.9,6.2,4.8,1014.5,2652,34.05,74.4,9.0
2023-05-03,May,Summer,Gulmarg,JK,Baramulla,4.7,1.9,7.6,4.8,1016.9,2652,34.05,74.4,2.1
2023-05-04,May,Summer,Gulmarg,JK,Baramulla,4.3,-0.4,8.1,5.2,1018.4,2652,34.05,74.4,1.2
2023-05-05,May,Summer,Gulmarg,JK,Baramulla,5.5,0.7,10.4,5.5,1018.6,2652,34.05,74.4,0.5
2023-05-06,May,Summer,Gulmarg,JK,Baramulla,4.8,0.5,8.0,6.1,1015.0,2652,34.05,74.4,3.1
2023-05-07,May,Summer,Gulmarg,JK,Baramulla,4.1,2.7,6.8,7.4,1013.2,2652,34.05,74.4,7.5
2023-05-08,May,Summer,Gulmarg,JK,Baramulla,2.2,-0.9,4.2,6.6,1014.3,2652,34.05,74.4,3.7
2023-05-09,May,Summer,Gulmarg,JK,Baramulla,3.5,-0.4,6.8,6.0,1018.9,2652,34.05,74.4,0.6
2023-05-10,May,Summer,Gulmarg,JK,Baramulla,7.0,3.6,13.0,9.5,1020.2,2652,34.05,74.4,0.0
2023-05-11,May,Summer,Gulmarg,JK,Baramulla,9.4,7.1,15.0,8.4,1024.6,2652,34.05,74.4,0.0
2023-05-12,May,Summer,Gulmarg,JK,Baramulla,11.2,8.9,15.2,5.8,1023.4,2652,34.05,74.4,0.0
2023-05-13,May,Summer,Gulmarg,JK,Baramulla,9.8,6.4,13.2,5.7,1022.8,2652,34.05,74.4,2.5
2023-05-14,May,Summer,Gulmarg,JK,Baramulla,7.3,2.6,10.4,5.3,1017.2,2652,34.05,74.4,11.0
2023-05-15,May,Summer,Gulmarg,JK,Baramulla,8.2,4.9,12.2,5.8,1015.3,2652,34.05,74.4,1.8
2023-05-16,May,Summer,Gulmarg,JK,Baramulla,9.7,7.4,12.6,5.7,1018.6,2652,34.05,74.4,1.9
2023-05-17,May,Summer,Gulmarg,JK,Baramulla,10.6,8.9,14.4,5.7,1021.6,2652,34.05,74.4,3.0
2023-05-18,May,Summer,Gulmarg,JK,Baramulla,7.4,3.2,9.2,6.1,1025.2,2652,34.05,74.4,9.4
2023-05-19,May,Summer,Gulmarg,JK,Baramulla,8.3,2.9,11.7,5.6,1020.1,2652,34.05,74.4,0.8
2023-05-20,May,Summer,Gulmarg,JK,Baramulla,11.1,8.4,16.0,6.1,1020.5,2652,34.05,74.4,0.0
2023-05-21,May,Summer,Gulmarg,JK,Baramulla,13.1,10.7,18.4,6.1,1019.8,2652,34.05,74.4,0.0
2023-05-22,May,Summer,Gulmarg,JK,Baramulla,13.2,10.4,17.6,5.8,1018.8,2652,34.05,74.4,1.3
2023-05-23,May,Summer,Gulmarg,JK,Baramulla,11.3,8.6,14.7,6.2,1019.8,2652,34.05,74.4,20.8
2023-05-24,May,Summer,Gulmarg,JK,Baramulla,8.4,6.3,10.5,5.4,1014.8,2652,34.05,74.4,23.9
2023-05-25,May,Summer,Gulmarg,JK,Baramulla,7.8,3.7,11.3,5.4,1012.4,2652,34.05,74.4,3.2
2023-05-26,May,Summer,Gulmarg,JK,Baramulla,6.7,3.2,11.0,6.8,1012.8,2652,34.05,74.4,7.7
2023-05-27,May,Summer,Gulmarg,JK,Baramulla,6.4,2.2,11.0,6.5,1014.5,2652,34.05,74.4,2.0
2023-05-28,May,Summer,Gulmarg,JK,Baramulla,9.5,6.2,13.1,6.0,1018.9,2652,34.05,74.4,2.4
2023-05-29,May,Summer,Gulmarg,JK,Baramulla,9.7,5.0,13.8,5.6,1020.9,2652,34.05,74.4,6.3
2023-05-30,May,Summer,Gulmarg,JK,Baramulla,7.8,6.4,9.2,6.0,1020.2,2652,34.05,74.4,9.7
2023-05-31,May,Summer,Gulmarg,JK,Baramulla,6.6,5.6,7.7,4.6,1014.0,2652,34.05,74.4,23.2
2023-06-01,June,Summer,Gulmarg,JK,Baramulla,6.3,4.3,7.7,5.0,1013.2,2652,34.05,74.4,19.3
2023-06-02,June,Summer,Gulmarg,JK,Baramulla,7.1,2.5,11.8,5.1,1013.0,2652,34.05,74.4,1.4
2023-06-03,June,Summer,Gulmarg,JK,Baramulla,8.1,3.0,12.5,5.5,1015.5,2652,34.05,74.4,5.4
2023-06-04,June,Summer,Gulmarg,JK,Baramulla,10.3,4.9,13.9,5.9,1018.1,2652,34.05,74.4,2.7
2023-06-05,June,Summer,Gulmarg,JK,Baramulla,10.9,7.6,14.4,5.3,1016.2,2652,34.05,74.4,4.2
2023-06-06,June,Summer,Gulmarg,JK,Baramulla,10.4,5.8,13.1,5.0,1016.3,2652,34.05,74.4,2.0
2023-06-07,June,Summer,Gulmarg,JK,Baramulla,9.8,5.1,14.1,5.1,1016.5,2652,34.05,74.4,2.4
2023-06-08,June,Summer,Gulmarg,JK,Baramulla,12.7,6.0,16.6,6.7,1014.8,2652,34.05,74.4,0.0
2023-06-09,June,Summer,Gulmarg,JK,Baramulla,15.6,12.0,18.6,7.3,1013.9,2652,34.05,74.4,2.6
2023-06-10,June,Summer,Gulmarg,JK,Baramulla,15.5,12.8,18.4,6.1,1010.8,2652,34.05,74.4,0.1
2023-06-11,June,Summer,Gulmarg,JK,Baramulla,14.5,9.2,18.3,5.2,1011.0,2652,34.05,74.4,0.6
2023-06-12,June,Summer,Gulmarg,JK,Baramulla,14.0,8.8,17.7,5.4,1010.5,2652,34.05,74.4,4.6
2023-06-13,June,Summer,Gulmarg,JK,Baramulla,12.7,8.0,16.9,5.0,1012.0,2652,34.05,74.4,2.3
2023-06-14,June,Summer,Gulmarg,JK,Baramulla,12.9,9.1,15.5,5.2,1012.1,2652,34.05,74.4,5.1
2023-06-15,June,Summer,Gulmarg,JK,Baramulla,13.1,9.4,18.6,5.6,1012.3,2652,34.05,74.4,5.6
2023-06-16,June,Summer,Gulmarg,JK,Baramulla,13.4,10.5,17.2,5.0,1011.1,2652,34.05,74.4,4.2
2023-06-17,June,Summer,Gulmarg,JK,Baramulla,14.4,10.9,17.7,5.3,1013.5,2652,34.05,74.4,6.8
2023-06-18,June,Summer,Gulmarg,JK,Baramulla,15.6,12.1,18.9,5.5,1013.8,2652,34.05,74.4,0.9
2023-06-19,June,Summer,Gulmarg,JK,Baramulla,16.9,14.0,20.5,6.5,1013.4,2652,34.05,74.4,0.5
2023-06-20,June,Summer,Gulmarg,JK,Baramulla,18.0,14.6,21.6,5.9,1012.1,2652,34.05,74.4,1.5
2023-06-21,June,Summer,Gulmarg,JK,Baramulla,18.6,13.7,22.8,6.4,1015.4,2652,34.05,74.4,0.0
2023-06-22,June,Summer,Gulmarg,JK,Baramulla,19.2,13.0,23.6,6.2,1016.2,2652,34.05,74.4,0.0
2023-06-23,June,Summer,Gulmarg,JK,Baramulla,19.8,15.9,23.3,6.5,1015.6,2652,34.05,74.4,0.4
2023-06-24,June,Summer,Gulmarg,JK,Baramulla,18.3,13.6,22.6,6.1,1014.4,2652,34.05,74.4,5.1
2023-06-25,June,Summer,Gulmarg,JK,Baramulla,16.7,13.0,20.1,6.0,1010.1,2652,34.05,74.4,4.6
2023-06-26,June,Summer,Gulmarg,JK,Baramulla,14.8,12.2,17.6,4.5,1014.7,2652,34.05,74.4,4.8
2023-06-27,June,Summer,Gulmarg,JK,Baramulla,14.6,10.2,18.2,4.9,1014.7,2652,34.05,74.4,4.0
2023-06-28,June,Summer,Gulmarg,JK,Baramulla,14.9,10.7,18.4,5.1,1017.0,2652,34.05,74.4,5.1
2023-06-29,June,Summer,Gulmarg,JK,Baramulla,15.0,11.2,19.1,5.9,1011.7,2652,34.05,74.4,3.7
2023-06-30,June,Summer,Gulmarg,JK,Baramulla,14.3,9.6,18.5,5.3,1011.1,2652,34.05,74.4,5.7
2023-07-01,July,Monsoon,Gulmarg,JK,Baramulla,15.0,9.3,19.4,6.2,1012.2,2652,34.05,74.4,2.0
2023-07-02,July,Monsoon,Gulmarg,JK,Baramulla,17.0,11.9,21.7,6.7,1010.4,2652,34.05,74.4,0.8
2023-07-03,July,Monsoon,Gulmarg,JK,Baramulla,16.8,12.0,20.9,5.9,1011.6,2652,34.05,74.4,5.2
2023-07-04,July,Monsoon,Gulmarg,JK,Baramulla,16.2,12.6,20.1,6.2,1010.1,2652,34.05,74.4,2.7
2023-07-05,July,Monsoon,Gulmarg,JK,Baramulla,14.0,10.9,16.6,6.4,1008.6,2652,34.05,74.4,8.9
2023-07-06,July,Monsoon,Gulmarg,JK,Baramulla,13.9,9.4,17.3,5.6,1013.2,2652,34.05,74.4,2.2
2023-07-07,July,Monsoon,Gulmarg,JK,Baramulla,12.8,9.9,15.3,5.0,1014.7,2652,34.05,74.4,10.4
2023-07-08,July,Monsoon,Gulmarg,JK,Baramulla,12.2,9.0,14.2,4.6,1015.4,2652,34.05,74.4,25.4
2023-07-09,July,Monsoon,Gulmarg,JK,Baramulla,14.3,11.0,18.0,6.0,1011.2,2652,34.05,74.4,10.4
2023-07-10,July,Monsoon,Gulmarg,JK,Baramulla,14.2,9.3,18.7,5.8,1013.4,2652,34.05,74.4,0.2
2023-07-11,July,Monsoon,Gulmarg,JK,Baramulla,16.2,12.8,19.6,5.6,1014.4,2652,34.05,74.4,0.6
2023-07-12,July,Monsoon,Gulmarg,JK,Baramulla,18.2,15.5,21.9,7.5,1012.4,2652,34.05,74.4,0.1
2023-07-13,July,Monsoon,Gulmarg,JK,Baramulla,18.8,15.6,22.6,7.0,1010.4,2652,34.05,74.4,0.0
2023-07-14,July,Monsoon,Gulmarg,JK,Baramulla,17.9,14.3,21.2,6.6,1012.4,2652,34.05,74.4,0.2
2023-07-15,July,Monsoon,Gulmarg,JK,Baramulla,17.3,14.3,19.9,5.6,1011.7,2652,34.05,74.4,12.4
2023-07-16,July,Monsoon,Gulmarg,JK,Baramulla,16.5,14.0,19.3,4.8,1013.2,2652,34.05,74.4,13.8
2023-07-17,July,Monsoon,Gulmarg,JK,Baramulla,16.8,12.9,21.0,4.8,1013.7,2652,34.05,74.4,10.1
2023-07-18,July,Monsoon,Gulmarg,JK,Baramulla,18.2,14.2,21.7,5.5,1011.4,2652,34.05,74.4,1.2
2023-07-19,July,Monsoon,Gulmarg,JK,Baramulla,16.9,14.9,18.6,4.0,1013.0,2652,34.05,74.4,12.4
2023-07-20,July,Monsoon,Gulmarg,JK,Baramulla,16.8,13.6,20.0,5.0,1012.2,2652,34.05,74.4,14.5
2023-07-21,July,Monsoon,Gulmarg,JK,Baramulla,16.9,14.7,20.3,4.5,1017.0,2652,34.05,74.4,12.1
2023-07-22,July,Monsoon,Gulmarg,JK,Baramulla,16.3,14.0,18.2,4.9,1016.6,2652,34.05,74.4,20.2
2023-07-23,July,Monsoon,Gulmarg,JK,Baramulla,15.6,13.2,17.5,4.7,1021.0,2652,34.05,74.4,18.2
2023-07-24,July,Monsoon,Gulmarg,JK,Baramulla,16.3,12.8,19.2,4.9,1016.1,2652,34.05,74.4,3.8
2023-07-25,July,Monsoon,Gulmarg,JK,Baramulla,16.0,13.1,19.1,4.6,1016.3,2652,34.05,74.4,5.3
2023-07-26,July,Monsoon,Gulmarg,JK,Baramulla,16.6,14.2,19.4,4.9,1014.4,2652,34.05,74.4,15.5
2023-07-27,July,Monsoon,Gulmarg,JK,Baramulla,16.4,14.7,18.8,5.1,1013.4,2652,34.05,74.4,20.6
2023-07-28,July,Monsoon,Gulmarg,JK,Baramulla,15.3,12.5,18.1,5.1,1009.7,2652,34.05,74.4,11.5
2023-07-29,July,Monsoon,Gulmarg,JK,Baramulla,14.0,10.6,16.5,4.9,1009.4,2652,34.05,74.4,10.5
2023-07-30,July,Monsoon,Gulmarg,JK,Baramulla,15.1,10.1,19.5,5.4,1008.8,2652,34.05,74.4,1.0
2023-07-31,July,Monsoon,Gulmarg,JK,Baramulla,16.2,11.1,20.2,5.2,1009.9,2652,34.05,74.4,5.7
2023-08-01,August,Monsoon,Gulmarg,JK,Baramulla,17.3,12.1,21.0,5.3,1008.4,2652,34.05,74.4,5.6
2023-08-02,August,Monsoon,Gulmarg,JK,Baramulla,18.0,15.3,21.3,5.5,1008.5,2652,34.05,74.4,10.5
2023-08-03,August,Monsoon,Gulmarg,JK,Baramulla,17.0,13.2,20.6,5.4,1008.3,2652,34.05,74.4,5.3
2023-08-04,August,Monsoon,Gulmarg,JK,Baramulla,17.2,13.4,21.2,4.9,1011.8,2652,34.05,74.4,7.3
2023-08-05,August,Monsoon,Gulmarg,JK,Baramulla,16.8,14.1,20.2,4.6,1016.3,2652,34.05,74.4,13.4
2023-08-06,August,Monsoon,Gulmarg,JK,Baramulla,16.3,12.3,20.0,5.1,1009.2,2652,34.05,74.4,4.2
2023-08-07,August,Monsoon,Gulmarg,JK,Baramulla,15.6,12.0,20.0,5.7,1006.2,2652,34.05,74.4,0.4
2023-08-08,August,Monsoon,Gulmarg,JK,Baramulla,15.7,10.6,19.8,5.8,1007.1,2652,34.05,74.4,5.9
2023-08-09,August,Monsoon,Gulmarg,JK,Baramulla,17.7,13.7,21.1,6.1,1014.4,2652,34.05,74.4,0.9
2023-08-10,August,Monsoon,Gulmarg,JK,Baramulla,16.7,12.5,21.0,6.1,1014.0,2652,34.05,74.4,2.7
2023-08-11,August,Monsoon,Gulmarg,JK,Baramulla,17.3,13.7,21.3,6.2,1014.0,2652,34.05,74.4,1.4
2023-08-12,August,Monsoon,Gulmarg,JK,Baramulla,17.3,13.2,21.4,6.3,1013.3,2652,34.05,74.4,1.2
2023-08-13,August,Monsoon,Gulmarg,JK,Baramulla,17.6,13.2,21.7,6.1,1008.4,2652,34.05,74.4,2.9
2023-08-14,August,Monsoon,Gulmarg,JK,Baramulla,16.5,12.3,20.2,5.8,1011.8,2652,34.05,74.4,5.7
2023-08-15,August,Monsoon,Gulmarg,JK,Baramulla,15.6,11.4,19.6,5.5,1013.6,2652,34.05,74.4,1.1
2023-08-16,August,Monsoon,Gulmarg,JK,Baramulla,16.4,11.8,20.0,5.0,1016.3,2652,34.05,74.4,1.7
2023-08-17,August,Monsoon,Gulmarg,JK,Baramulla,16.5,11.7,20.6,5.9,1015.2,2652,34.05,74.4,0.7
2023-08-18,August,Monsoon,Gulmarg,JK,Baramulla,17.5,14.4,20.4,6.0,1013.7,2652,34.05,74.4,2.0
2023-08-19,August,Monsoon,Gulmarg,JK,Baramulla,17.8,15.1,20.6,6.0,1015.9,2652,34.05,74.4,5.3
2023-08-20,August,Monsoon,Gulmarg,JK,Baramulla,17.8,13.6,21.6,5.2,1017.2,2652,34.05,74.4,5.2
2023-08-21,August,Monsoon,Gulmarg,JK,Baramulla,18.5,14.5,22.2,6.0,1017.0,2652,34.05,74.4,3.0
2023-08-22,August,Monsoon,Gulmarg,JK,Baramulla,18.2,13.8,22.7,7.7,1011.0,2652,34.05,74.4,1.0
2023-08-23,August,Monsoon,Gulmarg,JK,Baramulla,17.9,13.6,22.0,7.3,1007.3,2652,34.05,74.4,1.8
2023-08-24,August,Monsoon,Gulmarg,JK,Baramulla,15.4,11.6,18.9,6.1,1006.7,2652,34.05,74.4,9.3
2023-08-25,August,Monsoon,Gulmarg,JK,Baramulla,14.5,10.3,18.5,5.4,1008.2,2652,34.05,74.4,0.9
2023-08-26,August,Monsoon,Gulmarg,JK,Baramulla,13.1,9.3,16.6,5.5,1010.9,2652,34.05,74.4,2.1
2023-08-27,August,Monsoon,Gulmarg,JK,Baramulla,12.8,9.0,16.8,6.0,1010.1,2652,34.05,74.4,2.7
2023-08-28,August,Monsoon,Gulmarg,JK,Baramulla,12.8,8.8,17.1,5.5,1010.2,2652,34.05,74.4,1.3
2023-08-29,August,Monsoon,Gulmarg,JK,Baramulla,13.9,8.7,17.8,5.5,1015.0,2652,34.05,74.4,0.9
2023-08-30,August,Monsoon,Gulmarg,JK,Baramulla,17.0,13.8,21.0,5.7,1015.2,2652,34.05,74.4,0.0
2023-08-31,August,Monsoon,Gulmarg,JK,Baramulla,17.8,15.1,20.7,6.0,1017.1,2652,34.05,74.4,1.0
2023-09-01,September,Monsoon,Gulmarg,JK,Baramulla,16.8,11.6,20.8,6.3,1014.5,2652,34.05,74.4,1.1
2023-09-02,September,Monsoon,Gulmarg,JK,Baramulla,16.8,13.5,19.8,5.7,1018.3,2652,34.05,74.4,2.1
2023-09-03,September,Monsoon,Gulmarg,JK,Baramulla,15.1,10.8,20.4,5.3,1016.9,2652,34.05,74.4,2.5
2023-09-04,September,Monsoon,Gulmarg,JK,Baramulla,14.9,11.4,18.8,6.3,1013.3,2652,34.05,74.4,0.8
2023-09-05,September,Monsoon,Gulmarg,JK,Baramulla,14.6,11.0,18.5,6.0,1019.0,2652,34.05,74.4,0.6
2023-09-06,September,Monsoon,Gulmarg,JK,Baramulla,14.2,9.1,18.1,5.7,1021.2,2652,34.05,74.4,1.8
2023-09-07,September,Monsoon,Gulmarg,JK,Baramulla,15.0,10.4,18.9,5.7,1018.1,2652,34.05,74.4,0.8
2023-09-08,September,Monsoon,Gulmarg,JK,Baramulla,15.3,10.7,20.8,6.6,1019.7,2652,34.05,74.4,2.1
2023-09-09,September,Monsoon,Gulmarg,JK,Baramulla,15.5,9.7,20.5,7.1,1015.2,2652,34.05,74.4,0.0
2023-09-10,September,Monsoon,Gulmarg,JK,Baramulla,16.9,12.6,21.9,6.9,1012.8,2652,34.05,74.4,0.1
2023-09-11,September,Monsoon,Gulmarg,JK,Baramulla,17.7,13.3,23.1,7.5,1013.9,2652,34.05,74.4,0.0
2023-09-12,September,Monsoon,Gulmarg,JK,Baramulla,17.8,13.5,22.5,7.0,1012.8,2652,34.05,74.4,0.0
2023-09-13,September,Monsoon,Gulmarg,JK,Baramulla,17.5,12.8,22.4,6.6,1015.9,2652,34.05,74.4,0.5
2023-09-14,September,Monsoon,Gulmarg,JK,Baramulla,16.9,13.2,21.4,5.6,1019.6,2652,34.05,74.4,1.0
2023-09-15,September,Monsoon,Gulmarg,JK,Baramulla,16.3,12.6,20.1,5.9,1017.4,2652,34.05,74.4,1.2
2023-09-16,September,Monsoon,Gulmarg,JK,Baramulla,15.4,13.0,18.0,5.6,1017.2,2652,34.05,74.4,1.7
2023-09-17,September,Monsoon,Gulmarg,JK,Baramulla,15.3,11.6,19.1,5.6,1015.8,2652,34.05,74.4,4.0
2023-09-18,September,Monsoon,Gulmarg,JK,Baramulla,14.0,10.2,17.3,5.7,1014.4,2652,34.05,74.4,3.8
2023-09-19,September,Monsoon,Gulmarg,JK,Baramulla,14.3,11.2,17.8,5.3,1021.8,2652,34.05,74.4,4.3
2023-09-20,September,Monsoon,Gulmarg,JK,Baramulla,15.2,12.3,18.5,5.0,1018.7,2652,34.05,74.4,1.3
2023-09-21,September,Monsoon,Gulmarg,JK,Baramulla,13.9,8.8,18.7,5.7,1017.3,2652,34.05,74.4,0.2
2023-09-22,September,Monsoon,Gulmarg,JK,Baramulla,13.1,9.0,16.8,6.5,1018.0,2652,34.05,74.4,1.2
2023-09-23,September,Monsoon,Gulmarg,JK,Baramulla,12.0,7.4,16.6,6.8,1018.6,2652,34.05,74.4,0.0
2023-09-24,September,Monsoon,Gulmarg,JK,Baramulla,11.1,7.9,14.4,6.4,1016.6,2652,34.05,74.4,4.7
2023-09-25,September,Monsoon,Gulmarg,JK,Baramulla,9.5,6.0,13.6,6.7,1018.1,2652,34.05,74.4,2.4
2023-09-26,September,Monsoon,Gulmarg,JK,Baramulla,11.2,6.4,15.2,6.1,1021.1,2652,34.05,74.4,0.4
2023-09-27,September,Monsoon,Gulmarg,JK,Baramulla,12.1,7.3,15.8,5.9,1021.5,2652,34.05,74.4,0.5
2023-09-28,September,Monsoon,Gulmarg,JK,Baramulla,11.6,7.9,15.8,7.2,1016.1,2652,34.05,74.4,0.4
2023-09-29,September,Monsoon,Gulmarg,JK,Baramulla,10.5,6.2,14.8,7.2,1018.0,2652,34.05,74.4,0.3
2023-09-30,September,Monsoon,Gulmarg,JK,Baramulla,10.5,5.9,14.8,7.2,1021.2,2652,34.05,74.4,0.1
